country_code,year,hmrc_total_value,country_name,import_value_million_gbp
AD,2018,18271230,Andorra,2.0
AD,2019,3797750,,
AD,2020,2769800,,
AD,2021,43440600,Andorra,5.0
AD,2022,38688810,Andorra,4.0
AD,2023,7402420,,
AD,2024,11766900,,
AE,2018,34171233000,United Arab Emirates,3693.0
AE,2019,27660466540,United Arab Emirates,3069.0
AE,2020,19042862370,United Arab Emirates,1997.0
AE,2021,24973118140,United Arab Emirates,2743.0
AE,2022,40908053810,United Arab Emirates,4590.0
AE,2023,31444702040,United Arab Emirates,3536.0
AE,2024,38295242440,United Arab Emirates,4162.0
AF,2018,21279320,,
AF,2019,30748610,Afghanistan,2.0
AF,2020,37047070,Afghanistan,3.0
AF,2021,22094070,Afghanistan,1.0
AF,2022,20937810,,
AF,2023,19262170,,
AF,2024,12271060,,
AG,2018,50843300,Antigua and Barbuda,4.0
AG,2019,30627590,Antigua and Barbuda,3.0
AG,2020,171876410,Antigua and Barbuda,17.0
AG,2021,22707760,Antigua and Barbuda,1.0
AG,2022,1195042030,Antigua and Barbuda,116.0
AG,2023,20461210,Antigua and Barbuda,1.0
AG,2024,37400320,Antigua and Barbuda,3.0
AI,2018,6219340,,
AI,2019,14624320,,
AI,2020,26798950,Anguilla,1.0
AI,2021,12755420,Anguilla,1.0
AI,2022,7476650,Anguilla,1.0
AI,2023,322610,,
AI,2024,585260,,
AL,2018,72157760,Albania,6.0
AL,2019,64012450,Albania,6.0
AL,2020,96635600,Albania,8.0
AL,2021,92604380,Albania,10.0
AL,2022,127051930,Albania,14.0
AL,2023,245747330,Albania,26.0
AL,2024,128821910,Albania,14.0
AM,2018,20659320,Armenia,1.0
AM,2019,16796070,,
AM,2020,17842530,,
AM,2021,70419410,Armenia,5.0
AM,2022,59909910,Armenia,5.0
AM,2023,42964820,Armenia,2.0
AM,2024,23605790,,
AO,2018,880989840,Angola,89.0
AO,2019,495287420,Angola,50.0
AO,2020,129331870,Angola,12.0
AO,2021,210336550,Angola,22.0
AO,2022,11893270620,Angola,1213.0
AO,2023,6214396420,Angola,636.0
AO,2024,6083054930,Angola,636.0
AQ,2018,5366400,,
AQ,2019,1340400,,
AQ,2020,2220020,,
AQ,2021,928830,,
AQ,2022,2257320,,
AQ,2023,3416660,,
AQ,2024,807330,,
AR,2018,6456964310,Argentina,657.0
AR,2019,6842994670,Argentina,700.0
AR,2020,7764560080,Argentina,795.0
AR,2021,8001652470,Argentina,806.0
AR,2022,8784690510,Argentina,885.0
AR,2023,8263349030,Argentina,844.0
AR,2024,12218628730,Argentina,882.0
AS,2018,510430,,
AS,2019,7360330,,
AS,2020,12697710,,
AS,2021,4782320,,
AS,2022,2017670,,
AS,2024,847550,,
AT,2018,38438883810,Austria,4449.0
AT,2019,39321809870,Austria,4746.0
AT,2020,34646298210,Austria,4092.0
AT,2021,35154814160,Austria,4132.0
AT,2022,43624064780,Austria,4231.0
AT,2023,49701565550,Austria,4750.0
AT,2024,41553099160,Austria,4127.0
AU,2018,29605056760,Australia,2137.0
AU,2019,86495230100,Australia,3802.0
AU,2020,80692340340,Australia,3016.0
AU,2021,28296675130,Australia,2420.0
AU,2022,20721819060,Australia,2085.0
AU,2023,34960897410,Australia,2002.0
AU,2024,55298635040,Australia,2500.0
AW,2018,998270,,
AW,2019,372290,,
AW,2020,248000,,
AW,2021,601860,,
AW,2022,690470,,
AW,2023,1221320,,
AW,2024,300296700,Aruba,31.0
AZ,2018,2883243900,Azerbaijan,292.0
AZ,2019,2057669480,Azerbaijan,210.0
AZ,2020,1172420200,Azerbaijan,121.0
AZ,2021,2443217690,Azerbaijan,246.0
AZ,2022,3567132550,Azerbaijan,358.0
AZ,2023,2836051230,Azerbaijan,289.0
AZ,2024,1011044560,Azerbaijan,105.0
BA,2018,194114700,Bosnia and Herzegovina,21.0
BA,2019,168412840,Bosnia and Herzegovina,15.0
BA,2020,195248300,Bosnia and Herzegovina,19.0
BA,2021,272284660,Bosnia and Herzegovina,26.0
BA,2022,315776680,Bosnia and Herzegovina,33.0
BA,2023,395894500,Bosnia and Herzegovina,42.0
BA,2024,320040800,Bosnia and Herzegovina,33.0
BB,2018,100563830,Barbados,11.0
BB,2019,87281170,Barbados,10.0
BB,2020,79822420,Barbados,7.0
BB,2021,38381280,Barbados,2.0
BB,2022,44761380,Barbados,4.0
BB,2023,50088540,Barbados,4.0
BB,2024,36156070,Barbados,2.0
BD,2018,27371731390,Bangladesh,2783.0
BD,2019,30275213040,Bangladesh,3099.0
BD,2020,23437393850,Bangladesh,2400.0
BD,2021,23550394720,Bangladesh,2375.0
BD,2022,35243131960,Bangladesh,3543.0
BD,2023,30310472970,Bangladesh,3092.0
BD,2024,29003886550,Bangladesh,2990.0
BE,2018,259194301340,Belgium,26797.0
BE,2019,253315287360,Belgium,24768.0
BE,2020,223595489170,Belgium,22497.0
BE,2021,227636345420,Belgium,23958.0
BE,2022,290082425500,Belgium,29407.0
BE,2023,282905096460,Belgium,29134.0
BE,2024,308044898900,Belgium,31980.0
BF,2018,50158300,Burkina Faso,5.0
BF,2019,26292270,Burkina Faso,1.0
BF,2020,25258340,Burkina Faso,2.0
BF,2021,34080590,Burkina Faso,2.0
BF,2022,28789990,Burkina Faso,2.0
BF,2023,15670060,,
BF,2024,8539570,,
BG,2018,5079669720,Bulgaria,513.0
BG,2019,6010256640,Bulgaria,604.0
BG,2020,4700772870,Bulgaria,471.0
BG,2021,4484900900,Bulgaria,480.0
BG,2022,6604255850,Bulgaria,657.0
BG,2023,6318303670,Bulgaria,649.0
BG,2024,6088892440,Bulgaria,625.0
BH,2018,2843629450,Bahrain,339.0
BH,2019,2871101220,Bahrain,333.0
BH,2020,1255082450,Bahrain,145.0
BH,2021,456749440,Bahrain,47.0
BH,2022,3976168990,Bahrain,452.0
BH,2023,1431074520,Bahrain,170.0
BH,2024,890631450,Bahrain,93.0
BI,2018,3365940,,
BI,2019,3865660,,
BI,2020,4083930,,
BI,2021,5694960,,
BI,2022,4649930,,
BI,2023,9135570,,
BI,2024,6474000,,
BJ,2018,27731570,Benin,1.0
BJ,2019,20403440,Benin,1.0
BJ,2020,12972850,,
BJ,2021,5355590,,
BJ,2022,16708140,,
BJ,2023,12025960,,
BJ,2024,32588840,Benin,1.0
BL,2018,2222620,,
BL,2019,2418680,,
BL,2020,124910,,
BL,2021,4828860,,
BL,2022,3830240,,
BL,2023,4202520,,
BL,2024,9443790,,
BM,2018,115597480,Bermuda,33.0
BM,2019,52185030,Bermuda,4.0
BM,2020,733935230,Bermuda,74.0
BM,2021,14703100,Bermuda,46.0
BM,2022,16771210,Bermuda,352.0
BM,2023,33608380,Bermuda,38.0
BM,2024,19827740,Bermuda,55.0
BN,2018,1108111900,Brunei,114.0
BN,2019,65828300,Brunei,7.0
BN,2020,37697210,Brunei,2.0
BN,2021,157054780,Brunei,15.0
BN,2022,307707750,Brunei,30.0
BN,2023,22432050,,
BN,2024,26373260,Brunei,1.0
BO,2018,193855710,Bolivia,19.0
BO,2019,227327980,Bolivia,24.0
BO,2020,166748780,Bolivia,14.0
BO,2021,124893270,Bolivia,13.0
BO,2022,105209450,Bolivia,11.0
BO,2023,74075080,Bolivia,8.0
BO,2024,61444120,Bolivia,4.0
BQ,2018,89060,,
BQ,2019,3450510,,
BQ,2021,163530,,
BQ,2023,119870,,
BQ,2024,634880,,
BR,2018,23919854890,Brazil,2615.0
BR,2019,26380092010,Brazil,2853.0
BR,2020,24599142430,Brazil,2419.0
BR,2021,26230441600,Brazil,2512.0
BR,2022,33629130630,Brazil,3488.0
BR,2023,31170959180,Brazil,3584.0
BR,2024,28840293170,Brazil,3247.0
BS,2018,63153850,The Bahamas,7.0
BS,2019,55658430,The Bahamas,5.0
BS,2020,39296310,The Bahamas,4.0
BS,2021,170420420,The Bahamas,14.0
BS,2022,61734620,The Bahamas,6.0
BS,2023,7924440,,
BS,2024,11536980,,
BT,2018,62230320,Bhutan,6.0
BT,2019,659930,,
BT,2020,1581950,,
BT,2021,940320,,
BT,2022,787020,,
BT,2023,397040,,
BT,2024,2484310,,
BV,2021,332260,,
BV,2022,381360,,
BV,2023,754700,,
BV,2024,1741270,,
BW,2018,137431870,Botswana,13.0
BW,2019,4234460,,
BW,2020,1831540,,
BW,2021,13957950,,
BW,2022,15046130,,
BW,2023,11512290,,
BW,2024,8942690,,
BY,2018,585650000,Belarus,235.0
BY,2019,854969040,Belarus,194.0
BY,2020,939792050,Belarus,467.0
BY,2021,710406280,Belarus,523.0
BY,2022,158583900,Belarus,157.0
BY,2023,44643690,Belarus,2.0
BY,2024,22260610,,
BZ,2018,712737190,Belize,73.0
BZ,2019,770967520,Belize,78.0
BZ,2020,546193330,Belize,57.0
BZ,2021,498960840,Belize,52.0
BZ,2022,499129420,Belize,50.0
BZ,2023,475052070,Belize,50.0
BZ,2024,479947930,Belize,50.0
CA,2018,112990426740,Canada,6695.0
CA,2019,128919070840,Canada,8253.0
CA,2020,122637618300,Canada,4987.0
CA,2021,109407900960,Canada,5825.0
CA,2022,136446332330,Canada,8891.0
CA,2023,105985574290,Canada,5337.0
CA,2024,181327237320,Canada,6047.0
CC,2018,45980,,
CC,2019,507970,,
CC,2020,829550,,
CC,2021,1499090,,
CC,2022,1126000,,
CC,2023,2851910,,
CC,2024,378890,,
CD,2018,15638970,,
CD,2019,35140040,Congo (Democratic Republic),3.0
CD,2020,26022940,Congo (Democratic Republic),1.0
CD,2021,13324570,Congo (Democratic Republic),1.0
CD,2022,2033206060,Congo (Democratic Republic),203.0
CD,2023,32496690,Congo (Democratic Republic),2.0
CD,2024,13636510,,
CF,2018,336600,,
CF,2019,479650,,
CF,2020,2043550,,
CF,2021,436240,,
CF,2022,936480,,
CF,2023,5965370,,
CF,2024,2375730,,
CG,2018,240495980,Congo,24.0
CG,2019,160457630,Congo,18.0
CG,2020,401277470,Congo,38.0
CG,2021,39929930,Congo,4.0
CG,2022,144618810,Congo,14.0
CG,2023,1317867590,Congo,133.0
CG,2024,1208608920,Congo,126.0
CH,2018,68212298750,Switzerland,6855.0
CH,2019,205877119140,Switzerland,7660.0
CH,2020,108613331250,Switzerland,6444.0
CH,2021,121087224430,Switzerland,9676.0
CH,2022,123058451990,Switzerland,11080.0
CH,2023,121731488800,Switzerland,9853.0
CH,2024,169714587200,Switzerland,10795.0
CI,2018,1945045730,Ivory Coast,195.0
CI,2019,2278748020,Ivory Coast,233.0
CI,2020,3112640850,Ivory Coast,319.0
CI,2021,3716966720,Ivory Coast,374.0
CI,2022,3013853670,Ivory Coast,304.0
CI,2023,4181449840,Ivory Coast,426.0
CI,2024,3593090050,Ivory Coast,374.0
CK,2018,170370,,
CK,2019,941550,,
CK,2020,21990,,
CK,2021,112670,,
CK,2022,2804640,,
CK,2023,156380,,
CL,2018,9432252750,Chile,959.0
CL,2019,8488352050,Chile,870.0
CL,2020,5383823080,Chile,553.0
CL,2021,5019719370,Chile,507.0
CL,2022,6789347960,Chile,684.0
CL,2023,4406039480,Chile,448.0
CL,2024,5116482300,Chile,528.0
CM,2018,469991050,Cameroon,47.0
CM,2019,563472770,Cameroon,58.0
CM,2020,445116090,Cameroon,44.0
CM,2021,545049360,Cameroon,53.0
CM,2022,1307962580,Cameroon,130.0
CM,2023,1549084910,Cameroon,159.0
CM,2024,1157139710,Cameroon,118.0
CN,2018,425603919330,China,44231.0
CN,2019,463746127770,China,49973.0
CN,2020,534304387410,China,55198.0
CN,2021,632974871130,China,65970.0
CN,2022,690698042130,China,71481.0
CN,2023,622210619890,China,68109.0
CN,2024,620423684370,China,67264.0
CO,2018,4342588190,Colombia,446.0
CO,2019,4704688430,Colombia,482.0
CO,2020,3899058100,Colombia,399.0
CO,2021,4330230110,Colombia,435.0
CO,2022,5899802990,Colombia,594.0
CO,2023,4983688010,Colombia,518.0
CO,2024,4619622350,Colombia,477.0
CR,2018,2381751900,Costa Rica,242.0
CR,2019,2670681060,Costa Rica,274.0
CR,2020,2400764390,Costa Rica,246.0
CR,2021,2203118460,Costa Rica,221.0
CR,2022,2705071090,Costa Rica,273.0
CR,2023,3100396810,Costa Rica,316.0
CR,2024,2718895550,Costa Rica,280.0
CU,2018,73910110,Cuba,8.0
CU,2019,70308040,Cuba,8.0
CU,2020,65308270,Cuba,5.0
CU,2021,63302820,Cuba,5.0
CU,2022,74714580,Cuba,7.0
CU,2023,87622170,Cuba,10.0
CU,2024,112823180,Cuba,11.0
CV,2018,569040,,
CV,2019,19344130,Cape Verde,2.0
CV,2020,6210470,Cape Verde,1.0
CV,2021,1376860,,
CV,2022,2042060,,
CV,2023,3735080,,
CV,2024,2261080,,
CW,2018,3279700,,
CW,2019,14112320,Curacao,1.0
CW,2020,6430010,,
CW,2021,2198050,,
CW,2022,95484100,Curacao,11.0
CW,2023,8973250,,
CW,2024,18744430,Curacao,1.0
CX,2018,31160,,
CX,2019,1575670,,
CX,2020,3449760,,
CX,2021,6434730,Christmas Island,1.0
CX,2022,8169800,Christmas Island,1.0
CY,2018,1639833790,Cyprus,165.0
CY,2019,2394707570,Cyprus,489.0
CY,2020,1965058020,Cyprus,469.0
CY,2021,1554692930,Cyprus,574.0
CY,2022,3029393250,Cyprus,296.0
CY,2023,2455755720,Cyprus,250.0
CY,2024,2628427330,Cyprus,262.0
CZ,2018,58762445140,Czechia,5857.0
CZ,2019,60638450830,Czechia,6053.0
CZ,2020,45525602760,Czechia,4670.0
CZ,2021,43542202630,Czechia,4937.0
CZ,2022,49880944430,Czechia,5177.0
CZ,2023,54885843390,Czechia,6025.0
CZ,2024,56016158220,Czechia,6147.0
DE,2018,683328004790,Germany,68283.0
DE,2019,669098503170,Germany,65975.0
DE,2020,571631772580,Germany,57546.0
DE,2021,538370985490,Germany,58184.0
DE,2022,697025061970,Germany,67843.0
DE,2023,763000664310,Germany,75569.0
DE,2024,750197772530,Germany,72707.0
DJ,2018,102964070,Djibouti,11.0
DJ,2019,135150790,Djibouti,16.0
DJ,2020,94262740,Djibouti,8.0
DJ,2021,109465180,Djibouti,13.0
DJ,2022,108387360,Djibouti,9.0
DJ,2023,158784800,Djibouti,18.0
DJ,2024,81386300,Djibouti,7.0
DK,2018,66489226370,Denmark,6756.0
DK,2019,66318097770,Denmark,6575.0
DK,2020,48063494460,Denmark,4852.0
DK,2021,47321297030,Denmark,5201.0
DK,2022,49903693770,Denmark,5077.0
DK,2023,56989114980,Denmark,6021.0
DK,2024,61212953160,Denmark,6296.0
DM,2018,5168420,,
DM,2019,7767130,,
DM,2020,6583490,,
DM,2021,15162510,,
DM,2022,14423820,Dominica,1.0
DM,2023,2982800,,
DM,2024,4663480,,
DO,2018,1066556320,Dominican Republic,108.0
DO,2019,1116243090,Dominican Republic,116.0
DO,2020,1038100560,Dominican Republic,106.0
DO,2021,893758130,Dominican Republic,91.0
DO,2022,906420250,Dominican Republic,91.0
DO,2023,897105520,Dominican Republic,91.0
DO,2024,892058460,Dominican Republic,93.0
DZ,2018,22007127130,Algeria,2237.0
DZ,2019,19886160300,Algeria,2039.0
DZ,2020,4681910420,Algeria,486.0
DZ,2021,10684890450,Algeria,1079.0
DZ,2022,18131259420,Algeria,1837.0
DZ,2023,16135313630,Algeria,1663.0
DZ,2024,12974182430,Algeria,1413.0
EC,2018,1534125550,Ecuador,156.0
EC,2019,1393416780,Ecuador,144.0
EC,2020,1771147840,Ecuador,181.0
EC,2021,2129807160,Ecuador,215.0
EC,2022,2128827310,Ecuador,214.0
EC,2023,2353736900,Ecuador,239.0
EC,2024,2562765350,Ecuador,262.0
EE,2018,2143318240,Estonia,212.0
EE,2019,2493472460,Estonia,246.0
EE,2020,2146402620,Estonia,216.0
EE,2021,2946408190,Estonia,324.0
EE,2022,4535694900,Estonia,464.0
EE,2023,3171097990,Estonia,323.0
EE,2024,3687432070,Estonia,366.0
EG,2018,8178669280,Egypt,838.0
EG,2019,8682212240,Egypt,903.0
EG,2020,7571893240,Egypt,778.0
EG,2021,9211807900,Egypt,932.0
EG,2022,16859367440,Egypt,1701.0
EG,2023,12955627870,Egypt,1328.0
EG,2024,14254376400,Egypt,1481.0
EH,2019,17730,,
EH,2023,3393620,,
EH,2024,85610,,
ER,2018,180000,,
ER,2019,649110,,
ER,2020,355960,,
ER,2021,1250430,,
ER,2022,42559730,Eritrea,4.0
ER,2023,624490,,
ER,2024,1566740,,
ES,2018,157448844060,Spain,16322.0
ES,2019,167521932040,Spain,17549.0
ES,2020,143445767720,Spain,15099.0
ES,2021,144000062560,Spain,15497.0
ES,2022,185370918620,Spain,18548.0
ES,2023,194209916910,Spain,20320.0
ES,2024,205355510900,Spain,21193.0
ET,2018,1782543650,Ethiopia,180.0
ET,2019,3282436810,Ethiopia,337.0
ET,2020,3252066330,Ethiopia,333.0
ET,2021,2280356630,Ethiopia,232.0
ET,2022,2211683450,Ethiopia,225.0
ET,2023,1844938240,Ethiopia,189.0
ET,2024,2190191500,Ethiopia,225.0
FI,2018,24687639590,Finland,2515.0
FI,2019,24300216660,Finland,2464.0
FI,2020,21231297650,Finland,2857.0
FI,2021,20441246430,Finland,2219.0
FI,2022,27520547970,Finland,3509.0
FI,2023,22745907710,Finland,2363.0
FI,2024,22300283160,Finland,2311.0
FJ,2018,113171310,Fiji,11.0
FJ,2019,206376020,Fiji,20.0
FJ,2020,275012130,Fiji,25.0
FJ,2021,26991290,,
FJ,2022,32107160,Fiji,2.0
FJ,2023,283308220,Fiji,29.0
FJ,2024,128924020,Fiji,13.0
FK,2018,74703970,Falkland Islands,8.0
FK,2019,58555400,Falkland Islands,6.0
FK,2020,39872620,Falkland Islands,2.0
FK,2021,61660140,Falkland Islands,5.0
FK,2022,62363020,Falkland Islands,6.0
FK,2023,114937750,Falkland Islands,10.0
FK,2024,66944660,Falkland Islands,9.0
FM,2019,126000,,
FM,2020,102340,,
FM,2021,99580,,
FM,2023,130420,,
FM,2024,710690,,
FO,2018,2071072240,Faroe Islands,211.0
FO,2019,2517697940,Faroe Islands,258.0
FO,2020,1994912410,Faroe Islands,205.0
FO,2021,2218973380,Faroe Islands,224.0
FO,2022,3195529890,Faroe Islands,320.0
FO,2023,2444930860,Faroe Islands,247.0
FO,2024,2480498820,Faroe Islands,256.0
FR,2018,275553914300,France,27281.0
FR,2019,298703108000,France,29694.0
FR,2020,225711533040,France,22564.0
FR,2021,212155591120,France,22854.0
FR,2022,348589534230,France,33457.0
FR,2023,400831280030,France,40923.0
FR,2024,353966546140,France,36321.0
GA,2018,46025500,Gabon,3.0
GA,2019,48435250,Gabon,3.0
GA,2020,149953750,Gabon,15.0
GA,2021,400984440,Gabon,38.0
GA,2022,97837120,Gabon,11.0
GA,2023,493510220,Gabon,62.0
GA,2024,227749990,Gabon,27.0
GD,2018,3609310,,
GD,2019,3725640,,
GD,2020,2374690,,
GD,2021,3246790,,
GD,2022,4415410,,
GD,2023,5100930,,
GD,2024,5028750,,
GE,2018,116748110,Georgia,14.0
GE,2019,199391460,Georgia,20.0
GE,2020,131736070,Georgia,14.0
GE,2021,347488730,Georgia,35.0
GE,2022,619685720,Georgia,68.0
GE,2023,295054160,Georgia,32.0
GE,2024,1227299850,Georgia,153.0
GH,2018,4249475520,Ghana,434.0
GH,2019,2882184290,Ghana,297.0
GH,2020,1710225220,Ghana,175.0
GH,2021,1382485240,Ghana,141.0
GH,2022,6435643290,Ghana,650.0
GH,2023,2824805390,Ghana,289.0
GH,2024,1880185580,Ghana,196.0
GI,2018,159110690,Gibraltar,15.0
GI,2019,66871970,Gibraltar,5.0
GI,2020,587453250,Gibraltar,65.0
GI,2021,109418540,Gibraltar,8.0
GI,2022,95592520,Gibraltar,9.0
GI,2023,56972680,Gibraltar,3.0
GI,2024,33327890,Gibraltar,2.0
GL,2018,6921140,,
GL,2019,24759530,Greenland,2.0
GL,2020,297690,,
GL,2021,17834330,Greenland,2.0
GL,2022,10166650,,
GL,2023,6702170,,
GL,2024,33526760,Greenland,4.0
GM,2018,27969790,The Gambia,2.0
GM,2019,38944250,The Gambia,3.0
GM,2020,28649800,The Gambia,2.0
GM,2021,29731280,The Gambia,2.0
GM,2022,22218680,,
GM,2023,35194270,The Gambia,2.0
GM,2024,34554500,The Gambia,2.0
GN,2018,12898550,Guinea,1.0
GN,2019,5995030,,
GN,2020,1282020,,
GN,2021,2244620,,
GN,2022,3774040,,
GN,2023,10426910,Guinea,1.0
GN,2024,148380,,
GQ,2018,238261610,Equatorial Guinea,23.0
GQ,2019,349102570,Equatorial Guinea,34.0
GQ,2020,148904250,Equatorial Guinea,15.0
GQ,2021,47155740,Equatorial Guinea,4.0
GQ,2022,7264970,,
GQ,2023,82870110,Equatorial Guinea,8.0
GQ,2024,1031087710,Equatorial Guinea,107.0
GR,2018,9081996780,Greece,1030.0
GR,2019,9537917620,Greece,1005.0
GR,2020,9092507470,Greece,930.0
GR,2021,8595005570,Greece,999.0
GR,2022,14779089080,Greece,1589.0
GR,2023,14941055860,Greece,1704.0
GR,2024,15818261070,Greece,1682.0
GT,2018,800998010,Guatemala,81.0
GT,2019,922430690,Guatemala,94.0
GT,2020,872103370,Guatemala,89.0
GT,2021,840193160,Guatemala,84.0
GT,2022,804293700,Guatemala,80.0
GT,2023,941499550,Guatemala,95.0
GT,2024,1045681380,Guatemala,107.0
GU,2018,2911870,,
GU,2019,6815780,,
GU,2020,4576280,,
GU,2021,14517240,Guam,1.0
GU,2022,1811920,,
GU,2023,577910,,
GU,2024,3325000,,
GW,2018,1347140,,
GW,2019,2975140,,
GW,2021,9830,,
GW,2023,18450,,
GY,2018,290784180,Guyana,30.0
GY,2019,334460040,Guyana,35.0
GY,2020,282218780,Guyana,30.0
GY,2021,238919670,Guyana,23.0
GY,2022,6739592080,Guyana,678.0
GY,2023,4147020240,Guyana,421.0
GY,2024,8136001550,Guyana,839.0
HK,2018,69323022290,Hong Kong,7085.0
HK,2019,83332223190,Hong Kong,7287.0
HK,2020,164175816780,Hong Kong,8003.0
HK,2021,75205842200,Hong Kong,7715.0
HK,2022,61240334190,Hong Kong,6333.0
HK,2023,47888625430,Hong Kong,4717.0
HK,2024,59032133790,Hong Kong,4671.0
HM,2018,1280490,,
HM,2019,472040,,
HM,2020,82290,,
HM,2021,188180,,
HM,2022,9250,,
HM,2024,2638690,,
HN,2018,1265963500,Honduras,127.0
HN,2019,1310372640,Honduras,133.0
HN,2020,1141562060,Honduras,115.0
HN,2021,1226770360,Honduras,122.0
HN,2022,1564090730,Honduras,156.0
HN,2023,1347314410,Honduras,138.0
HN,2024,1343041700,Honduras,139.0
HR,2018,1420964650,Croatia,203.0
HR,2019,1682892910,Croatia,437.0
HR,2020,1954433020,Croatia,282.0
HR,2021,1321672450,Croatia,225.0
HR,2022,1805204020,Croatia,383.0
HR,2023,1859643640,Croatia,466.0
HR,2024,2253534640,Croatia,389.0
HT,2018,48406070,Haiti,3.0
HT,2019,65328190,Haiti,7.0
HT,2020,38039500,Haiti,2.0
HT,2021,54237360,Haiti,4.0
HT,2022,11847310,,
HT,2023,4897450,,
HT,2024,2505110,,
HU,2018,28083166940,Hungary,2785.0
HU,2019,30651251540,Hungary,3031.0
HU,2020,26438513180,Hungary,2637.0
HU,2021,23149931420,Hungary,2496.0
HU,2022,29535178330,Hungary,2937.0
HU,2023,34710052350,Hungary,3637.0
HU,2024,35639230390,Hungary,3706.0
ID,2018,11538846330,Indonesia,1179.0
ID,2019,11995140280,Indonesia,1250.0
ID,2020,10109530950,Indonesia,1088.0
ID,2021,11693125200,Indonesia,1231.0
ID,2022,15418320200,Indonesia,1593.0
ID,2023,11810435130,Indonesia,1210.0
ID,2024,12759179680,Indonesia,1355.0
IE,2018,137171728180,Ireland,13700.0
IE,2019,139259455730,Ireland,13974.0
IE,2020,134501624030,Ireland,13580.0
IE,2021,139488158740,Ireland,15019.0
IE,2022,187157971990,Ireland,19708.0
IE,2023,190739940080,Ireland,19653.0
IE,2024,181370959440,Ireland,18533.0
IL,2018,11163802850,Israel,1127.0
IL,2019,12382500800,Israel,1256.0
IL,2020,14020560520,Israel,1433.0
IL,2021,16774629570,Israel,1686.0
IL,2022,25792749240,Israel,2593.0
IL,2023,17603081060,Israel,1787.0
IL,2024,13103874080,Israel,1346.0
IN,2018,73626199900,India,7801.0
IN,2019,79013272200,India,8564.0
IN,2020,58986971310,India,6327.0
IN,2021,82782464760,India,8971.0
IN,2022,105285354260,India,11181.0
IN,2023,98644253950,India,10674.0
IN,2024,101782754790,India,11018.0
IO,2018,93930,,
IO,2019,40010,,
IO,2021,4352320,,
IO,2022,1138800,,
IO,2023,256460,,
IO,2024,984340,,
IQ,2018,36219110,Iraq,2.0
IQ,2019,27917180,Iraq,1.0
IQ,2020,367530970,Iraq,37.0
IQ,2021,34505870,Iraq,2.0
IQ,2022,45279580,Iraq,3.0
IQ,2023,57010670,Iraq,5.0
IQ,2024,119113780,Iraq,11.0
IR,2018,267678010,Iran,27.0
IR,2019,175300750,Iran,19.0
IR,2020,100183490,Iran,10.0
IR,2021,157458480,Iran,15.0
IR,2022,164428870,Iran,17.0
IR,2023,173767850,Iran,16.0
IR,2024,150752340,Iran,16.0
IS,2018,4768100250,Iceland,483.0
IS,2019,4784328210,Iceland,489.0
IS,2020,4478377490,Iceland,459.0
IS,2021,4482790640,Iceland,451.0
IS,2022,5630812740,Iceland,566.0
IS,2023,5237017220,Iceland,532.0
IS,2024,5735506710,Iceland,589.0
IT,2018,194371737230,Italy,19724.0
IT,2019,205173914140,Italy,20251.0
IT,2020,178443329050,Italy,17749.0
IT,2021,176522709160,Italy,18900.0
IT,2022,232349975700,Italy,23520.0
IT,2023,221335087060,Italy,23736.0
IT,2024,230616964940,Italy,24817.0
JM,2018,402672870,Jamaica,43.0
JM,2019,400759810,Jamaica,47.0
JM,2020,422953060,Jamaica,47.0
JM,2021,464043220,Jamaica,50.0
JM,2022,452732870,Jamaica,50.0
JM,2023,529987560,Jamaica,58.0
JM,2024,430753170,Jamaica,49.0
JO,2018,329431740,Jordan,29.0
JO,2019,342420780,Jordan,34.0
JO,2020,1063095670,Jordan,109.0
JO,2021,941813780,Jordan,95.0
JO,2022,2667807270,Jordan,261.0
JO,2023,2153609140,Jordan,222.0
JO,2024,1634674810,Jordan,170.0
JP,2018,99459684400,Japan,9958.0
JP,2019,103517480900,Japan,10134.0
JP,2020,81843833220,Japan,7408.0
JP,2021,74780710650,Japan,7737.0
JP,2022,91174356620,Japan,9320.0
JP,2023,99637308860,Japan,9793.0
JP,2024,87272458320,Japan,8554.0
KE,2018,4353542320,Kenya,455.0
KE,2019,3170360430,Kenya,432.0
KE,2020,3473147740,Kenya,323.0
KE,2021,4119411860,Kenya,389.0
KE,2022,4358607570,Kenya,398.0
KE,2023,4165377500,Kenya,410.0
KE,2024,4798604070,Kenya,493.0
KG,2018,5034786900,Kyrgyzstan,156.0
KG,2019,6515715820,Kyrgyzstan,280.0
KG,2020,7766355270,Kyrgyzstan,122.0
KG,2021,1693175000,,
KG,2022,11788910,,
KG,2023,7601210,,
KG,2024,9416165690,Kyrgyzstan,133.0
KH,2018,8728913930,Cambodia,888.0
KH,2019,8622337300,Cambodia,883.0
KH,2020,6542666700,Cambodia,670.0
KH,2021,5056483830,Cambodia,509.0
KH,2022,7669651510,Cambodia,772.0
KH,2023,6725490940,Cambodia,686.0
KH,2024,7558391480,Cambodia,779.0
KI,2018,32060,,
KI,2020,128170,,
KI,2022,36090,,
KI,2023,44270,,
KM,2018,3491070,,
KM,2019,859130,,
KM,2020,2955780,,
KM,2021,5400500,,
KM,2022,3549730,,
KM,2023,3573150,,
KM,2024,2428170,,
KN,2018,7593090,,
KN,2019,2571380,,
KN,2020,1408310,,
KN,2021,2001070,,
KN,2022,2969840,,
KN,2023,3358790,,
KN,2024,7343280,,
KP,2018,368700,,
KP,2019,546530,,
KP,2021,1353430,,
KR,2018,41084075080,South Korea,5161.0
KR,2019,41057134160,South Korea,5751.0
KR,2020,38005636570,South Korea,4403.0
KR,2021,46306059250,South Korea,5044.0
KR,2022,59786015940,South Korea,6844.0
KR,2023,59828352320,South Korea,6710.0
KR,2024,55947660850,South Korea,6030.0
KW,2018,5397894480,Kuwait,695.0
KW,2019,5829173160,Kuwait,763.0
KW,2020,2642026740,Kuwait,335.0
KW,2021,5230792750,Kuwait,630.0
KW,2022,18034784090,Kuwait,2278.0
KW,2023,28067905130,Kuwait,3634.0
KW,2024,31224649620,Kuwait,4029.0
KY,2018,7005860,Cayman Islands,11.0
KY,2019,13207580,Cayman Islands,24.0
KY,2020,23985460,Cayman Islands,1.0
KY,2021,12953860,,
KY,2022,33429440,,
KY,2023,2652407320,Cayman Islands,308.0
KY,2024,764144170,Cayman Islands,73.0
KZ,2018,3490004900,Kazakhstan,503.0
KZ,2019,3620960380,Kazakhstan,479.0
KZ,2020,4993359310,Kazakhstan,134.0
KZ,2021,29723923990,Kazakhstan,829.0
KZ,2022,62931379040,Kazakhstan,1784.0
KZ,2023,114596028740,Kazakhstan,359.0
KZ,2024,47578225170,Kazakhstan,951.0
LA,2018,107022140,Laos,12.0
LA,2019,148664250,Laos,16.0
LA,2020,138485970,Laos,15.0
LA,2021,128864250,Laos,14.0
LA,2022,86287980,Laos,7.0
LA,2023,54703450,Laos,5.0
LA,2024,66476260,Laos,7.0
LB,2018,314550020,Lebanon,32.0
LB,2019,391067270,Lebanon,41.0
LB,2020,458615490,Lebanon,51.0
LB,2021,396671750,Lebanon,41.0
LB,2022,387756520,Lebanon,39.0
LB,2023,405972040,Lebanon,43.0
LB,2024,360710140,Lebanon,38.0
LC,2018,54424850,St Lucia,5.0
LC,2019,53881300,St Lucia,5.0
LC,2020,35754560,,
LC,2021,23513360,,
LC,2022,18439700,,
LC,2023,11653480,,
LC,2024,16314770,,
LI,2018,45599400,Liechtenstein,4.0
LI,2019,52478600,Liechtenstein,4.0
LI,2020,36330510,Liechtenstein,2.0
LI,2021,238598170,Liechtenstein,23.0
LI,2022,301572690,Liechtenstein,29.0
LI,2023,152824510,Liechtenstein,15.0
LI,2024,104070360,Liechtenstein,13.0
LK,2018,6966589320,Sri Lanka,708.0
LK,2019,7483693470,Sri Lanka,768.0
LK,2020,6890875360,Sri Lanka,710.0
LK,2021,5908259530,Sri Lanka,598.0
LK,2022,7747880410,Sri Lanka,785.0
LK,2023,5925490600,Sri Lanka,611.0
LK,2024,5774670870,Sri Lanka,602.0
LR,2018,72965770,Liberia,7.0
LR,2019,16811240,Liberia,1.0
LR,2020,31721300,Liberia,3.0
LR,2021,200407230,Liberia,21.0
LR,2022,412902240,Liberia,41.0
LR,2023,336775110,Liberia,34.0
LR,2024,644321310,Liberia,65.0
LS,2018,2598330,,
LS,2019,3544170,,
LS,2020,3305570,,
LS,2021,1850770,,
LS,2022,1364060,,
LS,2023,2535590,,
LS,2024,10049860,,
LT,2018,8464669070,Lithuania,869.0
LT,2019,8500174270,Lithuania,857.0
LT,2020,9114028310,Lithuania,914.0
LT,2021,9570309560,Lithuania,1050.0
LT,2022,13507259140,Lithuania,1371.0
LT,2023,12768195700,Lithuania,1324.0
LT,2024,11856301080,Lithuania,1223.0
LU,2018,4136353180,Luxembourg,410.0
LU,2019,6038014350,Luxembourg,595.0
LU,2020,3927169120,Luxembourg,392.0
LU,2021,3082559380,Luxembourg,328.0
LU,2022,6831593150,Luxembourg,685.0
LU,2023,7160664110,Luxembourg,739.0
LU,2024,6596442570,Luxembourg,678.0
LV,2018,7674069380,Latvia,770.0
LV,2019,7691117600,Latvia,794.0
LV,2020,7313752480,Latvia,737.0
LV,2021,10860841100,Latvia,1177.0
LV,2022,10996262220,Latvia,1111.0
LV,2023,8371197750,Latvia,860.0
LV,2024,9462033650,Latvia,970.0
LY,2018,6254810660,Libya,635.0
LY,2019,1986597280,Libya,203.0
LY,2020,700734270,Libya,71.0
LY,2021,11271296420,Libya,1136.0
LY,2022,13132305340,Libya,1320.0
LY,2023,12444871470,Libya,1271.0
LY,2024,21954831190,Libya,2275.0
MA,2018,6832085230,Morocco incl. Western Sahara,690.0
MA,2019,6536493040,Morocco incl. Western Sahara,671.0
MA,2020,5761568110,Morocco incl. Western Sahara,588.0
MA,2021,9761431710,Morocco incl. Western Sahara,978.0
MA,2022,12392349620,Morocco incl. Western Sahara,1241.0
MA,2023,14248097960,Morocco incl. Western Sahara,1448.0
MA,2024,15918461520,Morocco incl. Western Sahara,1634.0
MD,2018,439241940,Moldova,45.0
MD,2019,337914620,Moldova,34.0
MD,2020,321505840,Moldova,34.0
MD,2021,427934000,Moldova,42.0
MD,2022,431861260,Moldova,43.0
MD,2023,397754910,Moldova,40.0
MD,2024,230235860,Moldova,24.0
ME,2018,61226390,Montenegro,5.0
ME,2019,67334710,Montenegro,6.0
ME,2020,30345730,Montenegro,1.0
ME,2021,30198830,,
ME,2022,78230570,Montenegro,5.0
ME,2023,21842940,,
ME,2024,22628930,,
MG,2018,310059640,Madagascar,32.0
MG,2019,337495440,Madagascar,32.0
MG,2020,265488320,Madagascar,26.0
MG,2021,247065940,Madagascar,24.0
MG,2022,434222940,Madagascar,43.0
MG,2023,392418240,Madagascar,39.0
MG,2024,263572560,Madagascar,28.0
MH,2018,13604780,,
MH,2019,23269310,Marshall Islands,1.0
MH,2020,10722900,,
MH,2021,15854990,Marshall Islands,2.0
MH,2022,29813800,Marshall Islands,2.0
MH,2023,12417900,,
MH,2024,10404500,,
MK,2018,825983340,North Macedonia,71.0
MK,2019,1148483690,North Macedonia,115.0
MK,2020,1246126750,North Macedonia,128.0
MK,2021,1473071530,North Macedonia,149.0
MK,2022,1131361320,North Macedonia,115.0
MK,2023,679876380,North Macedonia,70.0
MK,2024,706125790,North Macedonia,74.0
ML,2018,10715550,Mali,1.0
ML,2019,643233880,Mali,66.0
ML,2020,7637010,,
ML,2021,17338640,,
ML,2022,13544180,,
ML,2023,6282100,,
ML,2024,2659720,,
MM,2018,2678359430,Myanmar (Burma),272.0
MM,2019,3304977490,Myanmar (Burma),337.0
MM,2020,2685378630,Myanmar (Burma),276.0
MM,2021,2517727420,Myanmar (Burma),253.0
MM,2022,4352367290,Myanmar (Burma),438.0
MM,2023,3155144710,Myanmar (Burma),321.0
MM,2024,2002101670,Myanmar (Burma),207.0
MN,2018,57296810,Mongolia,6.0
MN,2019,87672520,Mongolia,9.0
MN,2020,43865250,Mongolia,4.0
MN,2021,49688240,Mongolia,4.0
MN,2022,97602450,Mongolia,7.0
MN,2023,88248320,Mongolia,8.0
MN,2024,49181260,Mongolia,3.0
MO,2018,115573900,Macao,11.0
MO,2019,119049470,Macao,12.0
MO,2020,135118910,Macao,13.0
MO,2021,153721790,Macao,16.0
MO,2022,193837980,Macao,20.0
MO,2023,123348050,Macao,13.0
MO,2024,136417390,Macao,14.0
MP,2018,756470,,
MP,2019,372440,,
MP,2020,101580,,
MP,2021,1046930,,
MP,2022,348490,,
MP,2023,185390,,
MR,2018,18652830,Mauritania,1.0
MR,2019,27296310,Mauritania,3.0
MR,2020,78076610,Mauritania,7.0
MR,2021,266938400,Mauritania,28.0
MR,2022,329621460,Mauritania,32.0
MR,2023,299265850,Mauritania,29.0
MR,2024,201658100,Mauritania,20.0
MS,2018,1430160,,
MS,2019,371740,,
MS,2020,96770,,
MS,2021,410980,,
MS,2022,508580,,
MS,2023,942850,,
MS,2024,2604130,,
MT,2018,1116098710,Malta,109.0
MT,2019,848543550,Malta,85.0
MT,2020,588996410,Malta,58.0
MT,2021,779004580,Malta,82.0
MT,2022,2211134760,Malta,223.0
MT,2023,1612702180,Malta,167.0
MT,2024,2099933910,Malta,220.0
MU,2018,1414369650,Mauritius,142.0
MU,2019,1247440230,Mauritius,127.0
MU,2020,911994080,Mauritius,94.0
MU,2021,832628440,Mauritius,83.0
MU,2022,1237028880,Mauritius,122.0
MU,2023,1137139440,Mauritius,115.0
MU,2024,1078632980,Mauritius,111.0
MV,2018,141314490,Maldives,15.0
MV,2019,97139130,Maldives,13.0
MV,2020,78956690,Maldives,8.0
MV,2021,93051310,Maldives,10.0
MV,2022,115587870,Maldives,13.0
MV,2023,209598730,Maldives,21.0
MV,2024,230329890,Maldives,23.0
MW,2018,135198320,Malawi,64.0
MW,2019,164853910,Malawi,20.0
MW,2020,228625000,Malawi,18.0
MW,2021,117762200,Malawi,11.0
MW,2022,213301190,Malawi,20.0
MW,2023,66910510,Malawi,6.0
MW,2024,39521180,Malawi,3.0
MX,2018,16695376630,Mexico,1631.0
MX,2019,22000750430,Mexico,1883.0
MX,2020,20431649610,Mexico,1190.0
MX,2021,21079435860,Mexico,1076.0
MX,2022,21733668850,Mexico,1125.0
MX,2023,23523851000,Mexico,1387.0
MX,2024,24374580160,Mexico,1471.0
MY,2018,20009681540,Malaysia,1829.0
MY,2019,20020481820,Malaysia,2084.0
MY,2020,18827955400,Malaysia,1950.0
MY,2021,20693812680,Malaysia,2124.0
MY,2022,21349376680,Malaysia,2169.0
MY,2023,17825205760,Malaysia,1835.0
MY,2024,17251080410,Malaysia,1796.0
MZ,2018,1049533840,Mozambique,272.0
MZ,2019,298052580,Mozambique,172.0
MZ,2020,87116620,Mozambique,39.0
MZ,2021,232848800,Mozambique,53.0
MZ,2022,369155520,Mozambique,71.0
MZ,2023,147722200,Mozambique,48.0
MZ,2024,140249520,Mozambique,55.0
NC,2018,68944590,New Caledonia,7.0
NC,2019,83868320,New Caledonia,9.0
NC,2020,29112990,New Caledonia,3.0
NC,2021,2982430,New Caledonia,2.0
NC,2022,3479540,,
NC,2023,3579000,,
NC,2024,4069850,,
NE,2018,16643310,Niger,1.0
NE,2019,5438520,,
NE,2020,638050,,
NE,2021,31583390,Niger,2.0
NE,2022,18411680,Niger,1.0
NE,2023,1320120,,
NE,2024,17688050,Niger,1.0
NF,2018,12920,,
NF,2019,99280,,
NF,2022,870050,,
NF,2024,22660,,
NG,2018,24091684380,Nigeria,2457.0
NG,2019,14216438920,Nigeria,1488.0
NG,2020,10428128010,Nigeria,1111.0
NG,2021,9081850560,Nigeria,936.0
NG,2022,19924906150,Nigeria,2132.0
NG,2023,19417798390,Nigeria,2024.0
NG,2024,12025261170,Nigeria,1269.0
NI,2018,421948410,Nicaragua,42.0
NI,2019,404084550,Nicaragua,40.0
NI,2020,575469760,Nicaragua,60.0
NI,2021,513873250,Nicaragua,53.0
NI,2022,578621530,Nicaragua,58.0
NI,2023,769505210,Nicaragua,78.0
NI,2024,704769330,Nicaragua,72.0
NL,2018,417061235780,Netherlands,43645.0
NL,2019,425340607630,Netherlands,43642.0
NL,2020,358569390070,Netherlands,36917.0
NL,2021,300934400470,Netherlands,33597.0
NL,2022,543114652800,Netherlands,56792.0
NL,2023,515913762750,Netherlands,54069.0
NL,2024,475150235750,Netherlands,49938.0
NO,2018,201037347240,Norway,20531.0
NO,2019,158609415880,Norway,16284.0
NO,2020,109879369080,Norway,11316.0
NO,2021,270823284790,Norway,27248.0
NO,2022,441369693450,Norway,44449.0
NO,2023,267094033390,Norway,27233.0
NO,2024,235488445480,Norway,24394.0
NP,2018,190461810,Nepal,21.0
NP,2019,162428540,Nepal,16.0
NP,2020,111765220,Nepal,12.0
NP,2021,130307160,Nepal,15.0
NP,2022,154223790,Nepal,15.0
NP,2023,162021610,Nepal,16.0
NP,2024,160725630,Nepal,17.0
NR,2018,96470,,
NR,2019,30280,,
NR,2021,6315230,,
NR,2022,113790,,
NU,2018,232760,,
NU,2019,439790,,
NU,2022,7791300,Niue Island,1.0
NZ,2018,8929948170,New Zealand,909.0
NZ,2019,8683258200,New Zealand,891.0
NZ,2020,8568781000,New Zealand,877.0
NZ,2021,7482423490,New Zealand,753.0
NZ,2022,7784508410,New Zealand,784.0
NZ,2023,7580875090,New Zealand,796.0
NZ,2024,8207133480,New Zealand,850.0
OM,2018,1865748990,Oman,184.0
OM,2019,2342861200,Oman,241.0
OM,2020,1657975690,Oman,175.0
OM,2021,1403132170,Oman,139.0
OM,2022,1858219680,Oman,183.0
OM,2023,2302205400,Oman,233.0
OM,2024,2867978810,Oman,320.0
PA,2018,269050890,Panama,29.0
PA,2019,326940860,Panama,32.0
PA,2020,286723900,Panama,30.0
PA,2021,429869760,Panama,43.0
PA,2022,533724610,Panama,54.0
PA,2023,333343270,Panama,33.0
PA,2024,374394180,Panama,38.0
PE,2018,3914745010,Peru,397.0
PE,2019,4645234590,Peru,474.0
PE,2020,3864450230,Peru,396.0
PE,2021,6120373430,Peru,619.0
PE,2022,29531138700,Peru,3012.0
PE,2023,12831479460,Peru,1320.0
PE,2024,6345876940,Peru,655.0
PF,2018,1499730,,
PF,2019,3528820,,
PF,2020,429730,,
PF,2021,1638500,,
PF,2022,10862240,French Polynesia,1.0
PF,2023,2909480,,
PF,2024,829640,,
PG,2018,760836570,Papua New Guinea,77.0
PG,2019,757804010,Papua New Guinea,78.0
PG,2020,848965260,Papua New Guinea,86.0
PG,2021,1182871500,Papua New Guinea,119.0
PG,2022,1904382870,Papua New Guinea,194.0
PG,2023,1679550820,Papua New Guinea,172.0
PG,2024,1494453610,Papua New Guinea,153.0
PH,2018,5766197830,Philippines,588.0
PH,2019,5077380370,Philippines,543.0
PH,2020,3781222280,Philippines,388.0
PH,2021,5003530340,Philippines,535.0
PH,2022,33751953210,Philippines,731.0
PH,2023,9012385060,Philippines,569.0
PH,2024,5460509190,Philippines,566.0
PK,2018,12703906670,Pakistan,1294.0
PK,2019,13113257780,Pakistan,1345.0
PK,2020,12368573940,Pakistan,1269.0
PK,2021,14898475730,Pakistan,1502.0
PK,2022,17022007660,Pakistan,1714.0
PK,2023,15498687510,Pakistan,1583.0
PK,2024,15334571460,Pakistan,1583.0
PL,2018,107848015420,Poland,11257.0
PL,2019,112467936720,Poland,11512.0
PL,2020,107763480610,Poland,11166.0
PL,2021,100707307260,Poland,11391.0
PL,2022,119213519840,Poland,12324.0
PL,2023,130620573050,Poland,14072.0
PL,2024,133780955230,Poland,14392.0
PM,2018,648210,,
PM,2019,53220,,
PM,2021,7278190,,
PM,2022,358970,,
PN,2018,155830,,
PN,2019,196640,,
PN,2020,346840,,
PN,2021,1358160,,
PN,2022,838780,,
PN,2023,1221810,,
PN,2024,497580,,
PS,2018,17132900,Occupied Palestinian Territory,1.0
PS,2019,17949470,,
PS,2020,37370410,Occupied Palestinian Territory,3.0
PS,2021,44020230,Occupied Palestinian Territory,4.0
PS,2022,31324530,Occupied Palestinian Territory,3.0
PS,2023,19211110,Occupied Palestinian Territory,1.0
PS,2024,33317170,Occupied Palestinian Territory,3.0
PT,2018,31005475820,Portugal,3107.0
PT,2019,32048532050,Portugal,3226.0
PT,2020,24569025260,Portugal,2506.0
PT,2021,26087216310,Portugal,2880.0
PT,2022,34819846210,Portugal,3420.0
PT,2023,31585654470,Portugal,3341.0
PT,2024,31351380200,Portugal,3315.0
PW,2018,294450,,
PW,2019,30794970,Palau,3.0
PW,2023,56670,,
PY,2018,240290810,Paraguay,25.0
PY,2019,254745430,Paraguay,26.0
PY,2020,118285110,Paraguay,12.0
PY,2021,187539120,Paraguay,20.0
PY,2022,286511690,Paraguay,27.0
PY,2023,239152280,Paraguay,26.0
PY,2024,210962440,Paraguay,22.0
QA,2018,13356128040,Qatar,1473.0
QA,2019,21878100050,Qatar,2362.0
QA,2020,14189084110,Qatar,1526.0
QA,2021,20663937860,Qatar,2110.0
QA,2022,76082670780,Qatar,7770.0
QA,2023,21768393330,Qatar,2315.0
QA,2024,6482587490,Qatar,685.0
QR,2023,28050,,
QS,2024,15100,,
QV,2018,4302229919,,
QV,2019,3298269129,,
QV,2020,6381765613,,
QV,2021,7582747996,,
QV,2022,95625388052,,
QV,2023,108791590075,,
QV,2024,107374635476,,
RO,2018,24106007230,Romania,2590.0
RO,2019,20376715950,Romania,2174.0
RO,2020,14890889930,Romania,1592.0
RO,2021,18202775190,Romania,2233.0
RO,2022,27691608020,Romania,3249.0
RO,2023,32960117780,Romania,4033.0
RO,2024,33274729470,Romania,4104.0
RU,2018,71802275540,Russia,8089.0
RU,2019,111694797390,Russia,8184.0
RU,2020,190424284500,Russia,7589.0
RU,2021,181627756780,Russia,9142.0
RU,2022,43719489950,Russia,5259.0
RU,2023,682401100,Russia,70.0
RU,2024,709193780,Russia,74.0
RW,2018,61107390,Rwanda,5.0
RW,2019,66092380,Rwanda,5.0
RW,2020,91315020,Rwanda,7.0
RW,2021,79906990,Rwanda,4.0
RW,2022,168480510,Rwanda,14.0
RW,2023,95367680,Rwanda,11.0
RW,2024,110973370,Rwanda,12.0
SA,2018,25620574670,Saudi Arabia,2985.0
SA,2019,25934222900,Saudi Arabia,3118.0
SA,2020,13141965540,Saudi Arabia,1554.0
SA,2021,14053993920,Saudi Arabia,1522.0
SA,2022,35713796570,Saudi Arabia,4223.0
SA,2023,27480027290,Saudi Arabia,3217.0
SA,2024,18076704660,Saudi Arabia,2085.0
SB,2018,5987470,,
SB,2019,6059250,,
SB,2020,1171660,,
SB,2021,36004200,Solomon Islands,3.0
SB,2022,141052940,Solomon Islands,14.0
SB,2023,1954970,,
SB,2024,17611970,Solomon Islands,2.0
SC,2018,671359250,Seychelles,69.0
SC,2019,632756910,Seychelles,65.0
SC,2020,555098840,Seychelles,57.0
SC,2021,746999320,Seychelles,75.0
SC,2022,591939440,Seychelles,59.0
SC,2023,540504070,Seychelles,55.0
SC,2024,542252120,Seychelles,56.0
SD,2018,90413070,Sudan,8.0
SD,2019,153030940,Sudan,16.0
SD,2020,78303870,Sudan,5.0
SD,2021,83838550,Sudan,7.0
SD,2022,95852870,Sudan,10.0
SD,2023,84983050,Sudan,7.0
SD,2024,98350960,Sudan,11.0
SE,2018,71286336810,Sweden,7301.0
SE,2019,65274676170,Sweden,6508.0
SE,2020,58572126610,Sweden,5372.0
SE,2021,62626364760,Sweden,6404.0
SE,2022,81967725870,Sweden,8273.0
SE,2023,80342468650,Sweden,7698.0
SE,2024,77926414570,Sweden,7498.0
SG,2018,22742782260,Singapore,2482.0
SG,2019,33427858400,Singapore,3066.0
SG,2020,32375344030,Singapore,2358.0
SG,2021,24327024990,Singapore,2624.0
SG,2022,28687104940,Singapore,2991.0
SG,2023,27790817760,Singapore,3029.0
SG,2024,35618224000,Singapore,3073.0
SH,2018,9993180,,
SH,2019,3495430,,
SH,2020,11844620,St. Helena,1.0
SH,2021,8750430,,
SH,2022,5571250,,
SH,2023,6345580,,
SH,2024,25098790,St. Helena,2.0
SI,2018,4215636230,Slovenia,420.0
SI,2019,4411780110,Slovenia,439.0
SI,2020,3879960710,Slovenia,399.0
SI,2021,4242004350,Slovenia,479.0
SI,2022,7085574150,Slovenia,731.0
SI,2023,6636138110,Slovenia,714.0
SI,2024,7111386610,Slovenia,767.0
SK,2018,23504440500,Slovakia,2347.0
SK,2019,25867687510,Slovakia,2279.0
SK,2020,23941889170,Slovakia,2085.0
SK,2021,22155828820,Slovakia,1943.0
SK,2022,19149423610,Slovakia,1441.0
SK,2023,23716306010,Slovakia,1599.0
SK,2024,21892984480,Slovakia,1460.0
SL,2018,14950350,Sierra Leone,1.0
SL,2019,13581990,,
SL,2020,8093720,,
SL,2021,31712700,Sierra Leone,1.0
SL,2022,49117770,Sierra Leone,3.0
SL,2023,69331080,Sierra Leone,5.0
SL,2024,56546250,Sierra Leone,4.0
SM,2018,41886960,,
SM,2019,44775130,,
SM,2020,48802540,San Marino,3.0
SM,2021,75028980,San Marino,9.0
SM,2022,66321750,San Marino,6.0
SM,2023,76477740,San Marino,8.0
SM,2024,82873050,San Marino,9.0
SN,2018,417171440,Senegal,43.0
SN,2019,444036830,Senegal,44.0
SN,2020,460470390,Senegal,48.0
SN,2021,512610930,Senegal,51.0
SN,2022,539258890,Senegal,54.0
SN,2023,611051300,Senegal,63.0
SN,2024,620832450,Senegal,62.0
SO,2018,4963260,,
SO,2019,5887060,,
SO,2020,10622270,Somalia,1.0
SO,2021,9465840,,
SO,2022,6398160,,
SO,2023,9130270,,
SO,2024,6599400,,
SR,2018,12780170,,
SR,2019,6961010,,
SR,2020,8736240,,
SR,2021,16578070,,
SR,2022,11463320,,
SR,2023,20403310,Suriname,1.0
SR,2024,11992030,,
SS,2018,155500,,
SS,2019,557090,,
SS,2020,462950,,
SS,2021,1343930,,
SS,2022,869450,,
SS,2023,699400,,
SS,2024,215240,,
ST,2018,10030,,
ST,2019,70040,,
ST,2020,4962520,,
ST,2021,861910,,
ST,2022,16033650,Sao Tome and Principe,2.0
ST,2023,364260,,
ST,2024,616210,,
SV,2018,136633660,El Salvador,14.0
SV,2019,136729030,El Salvador,14.0
SV,2020,106390280,El Salvador,10.0
SV,2021,95356600,El Salvador,9.0
SV,2022,170519940,El Salvador,18.0
SV,2023,215705660,El Salvador,22.0
SV,2024,141116570,El Salvador,15.0
SX,2018,2535370,,
SX,2019,3138020,,
SX,2020,12215750,,
SX,2021,13839140,,
SX,2022,5787560,,
SX,2023,7139060,,
SX,2024,3424140,,
SY,2018,53443350,Syria,3.0
SY,2019,51791410,Syria,2.0
SY,2020,13239000,,
SY,2021,17681330,Syria,1.0
SY,2022,7460810,,
SY,2023,18464480,,
SY,2024,19314830,,
SZ,2018,97697290,Eswatini,10.0
SZ,2019,31355050,Eswatini,2.0
SZ,2020,281772570,Eswatini,27.0
SZ,2021,245356260,Eswatini,25.0
SZ,2022,143376510,Eswatini,16.0
SZ,2023,35251340,Eswatini,1.0
SZ,2024,205291010,Eswatini,20.0
TC,2018,21868000,Turks and Caicos Islands,2.0
TC,2019,3612750,,
TC,2020,989960,,
TC,2021,2847330,,
TC,2022,3279620,,
TC,2023,3045080,,
TC,2024,1139230,,
TD,2018,2263800,,
TD,2019,7622320,,
TD,2020,6424990,,
TD,2021,5301020,,
TD,2022,489860,,
TD,2023,9747250,,
TD,2024,9099470,,
TF,2019,112940,,
TF,2021,74170,,
TF,2022,167510,,
TF,2024,16040,,
TG,2018,34025730,Togo,2.0
TG,2019,12998820,,
TG,2020,17243310,Togo,2.0
TG,2021,9569050,,
TG,2022,331340760,Togo,39.0
TG,2023,294984790,Togo,30.0
TG,2024,61212680,Togo,6.0
TH,2018,30146910480,Thailand,3124.0
TH,2019,29993715740,Thailand,3130.0
TH,2020,25648208160,Thailand,2672.0
TH,2021,24527947450,Thailand,2473.0
TH,2022,30057293100,Thailand,3076.0
TH,2023,29300867780,Thailand,3027.0
TH,2024,29745112110,Thailand,3109.0
TJ,2018,10557530,,
TJ,2019,13200900,,
TJ,2020,4308080,,
TJ,2021,610050,,
TJ,2022,439700,,
TJ,2023,3744000,,
TJ,2024,1302260,,
TL,2018,894590,,
TL,2019,1558640,,
TL,2020,264080,,
TL,2021,1414550,,
TL,2022,501950,,
TL,2023,1502780,,
TL,2024,2256910,,
TM,2018,35812170,Turkmenistan,3.0
TM,2019,19235960,Turkmenistan,1.0
TM,2020,15371080,Turkmenistan,1.0
TM,2021,6990220,,
TM,2022,104908620,Turkmenistan,8.0
TM,2023,133405480,Turkmenistan,13.0
TM,2024,217073560,Turkmenistan,22.0
TN,2018,1583604000,Tunisia,162.0
TN,2019,1894684610,Tunisia,194.0
TN,2020,1495458330,Tunisia,153.0
TN,2021,1841672300,Tunisia,186.0
TN,2022,2729931980,Tunisia,274.0
TN,2023,2525507240,Tunisia,264.0
TN,2024,2698294420,Tunisia,281.0
TO,2018,2333440,,
TO,2019,2404110,,
TO,2020,1699210,,
TO,2021,897990,,
TO,2022,3590520,,
TO,2023,19024650,Tonga,2.0
TO,2024,11220350,,
TR,2018,89440802360,Turkey,8881.0
TR,2019,96644141250,Turkey,9170.0
TR,2020,90810139360,Turkey,8347.0
TR,2021,112199598790,Turkey,10862.0
TR,2022,124495602060,Turkey,12695.0
TR,2023,118890082940,Turkey,12389.0
TR,2024,137091415710,Turkey,13711.0
TT,2018,1591234980,Trinidad and Tobago,163.0
TT,2019,1030946480,Trinidad and Tobago,108.0
TT,2020,2596322450,Trinidad and Tobago,181.0
TT,2021,1050834580,Trinidad and Tobago,109.0
TT,2022,3654728830,Trinidad and Tobago,372.0
TT,2023,3331824740,Trinidad and Tobago,344.0
TT,2024,3095398200,Trinidad and Tobago,324.0
TV,2018,337510,,
TV,2019,231250,,
TV,2022,12650,,
TV,2023,209400,,
TW,2018,34563981590,Taiwan,3567.0
TW,2019,35460001770,Taiwan,3701.0
TW,2020,31609043920,Taiwan,3330.0
TW,2021,31767199400,Taiwan,3242.0
TW,2022,37161257560,Taiwan,3769.0
TW,2023,31337269880,Taiwan,3210.0
TW,2024,26952597120,Taiwan,2784.0
TZ,2018,155002190,Tanzania,13.0
TZ,2019,171603480,Tanzania,17.0
TZ,2020,210955140,Tanzania,19.0
TZ,2021,151313900,Tanzania,15.0
TZ,2022,368276930,Tanzania,35.0
TZ,2023,171072370,Tanzania,17.0
TZ,2024,135359650,Tanzania,15.0
UA,2018,5242474780,Ukraine,859.0
UA,2019,6026859870,Ukraine,933.0
UA,2020,5469643820,Ukraine,648.0
UA,2021,8228372920,Ukraine,831.0
UA,2022,3683280060,Ukraine,374.0
UA,2023,3170941230,Ukraine,325.0
UA,2024,4575102310,Ukraine,475.0
UG,2018,122058090,Uganda,14.0
UG,2019,127275990,Uganda,14.0
UG,2020,92844410,Uganda,12.0
UG,2021,129387940,Uganda,13.0
UG,2022,145510500,Uganda,12.0
UG,2023,136380290,Uganda,13.0
UG,2024,150591700,Uganda,15.0
UM,2018,2549640,,
UM,2019,5839530,,
UM,2020,202990,,
UM,2021,782520,,
UM,2022,32250,,
UM,2023,381955500,US Minor Outlying Islands,39.0
UM,2024,715840,,
US,2018,444664591740,United States inc Puerto Rico,42689.0
US,2019,510659696100,United States inc Puerto Rico,47406.0
US,2020,452037077550,United States inc Puerto Rico,38665.0
US,2021,438256954370,United States inc Puerto Rico,40161.0
US,2022,654806175120,United States inc Puerto Rico,63131.0
US,2023,633090625350,United States inc Puerto Rico,58908.0
US,2024,625958862620,United States inc Puerto Rico,57258.0
UY,2018,596495190,Uruguay,62.0
UY,2019,507436610,Uruguay,52.0
UY,2020,478335030,Uruguay,48.0
UY,2021,985963000,Uruguay,100.0
UY,2022,2568308200,Uruguay,258.0
UY,2023,1585779740,Uruguay,162.0
UY,2024,1016524590,Uruguay,104.0
UZ,2018,16391900,,
UZ,2019,18729550870,Uzbekistan,432.0
UZ,2020,47168446990,Uzbekistan,290.0
UZ,2021,15195510790,Uzbekistan,167.0
UZ,2022,5974374340,Uzbekistan,69.0
UZ,2023,21002856460,Uzbekistan,11.0
UZ,2024,25765931700,Uzbekistan,9.0
VA,2018,2689260,,
VA,2019,2200510,,
VA,2020,10476500,,
VA,2021,8552660,Vatican City,1.0
VA,2022,1289930,,
VA,2023,3531430,,
VA,2024,4204860,,
VC,2018,8630370,,
VC,2019,7031770,,
VC,2020,7737610,,
VC,2021,3125290,,
VC,2022,5140550,,
VC,2023,3073600,,
VC,2024,3900900,,
VE,2018,388497280,Venezuela,40.0
VE,2019,459717770,Venezuela,47.0
VE,2020,341789660,Venezuela,36.0
VE,2021,302153530,Venezuela,31.0
VE,2022,83549370,Venezuela,8.0
VE,2023,343052690,Venezuela,35.0
VE,2024,224924570,Venezuela,23.0
VG,2018,108659310,British Virgin Islands,12.0
VG,2019,110681880,British Virgin Islands,127.0
VG,2020,191166950,British Virgin Islands,17.0
VG,2021,50556690,British Virgin Islands,19.0
VG,2022,38286990,British Virgin Islands,3.0
VG,2023,12063100,,
VG,2024,22556540,British Virgin Islands,2.0
VI,2018,8461700,,
VI,2019,13644150,US Virgin Islands,1.0
VI,2020,4168990,,
VI,2021,1979730,,
VI,2022,10817060,,
VI,2023,6148670,,
VI,2024,242381160,US Virgin Islands,32.0
VN,2018,43586356630,Vietnam,4446.0
VN,2019,45900998510,Vietnam,4707.0
VN,2020,38520418000,Vietnam,3952.0
VN,2021,43977196730,Vietnam,4456.0
VN,2022,54840218500,Vietnam,5525.0
VN,2023,51022437380,Vietnam,5213.0
VN,2024,61367146300,Vietnam,6350.0
VU,2018,7977420,,
VU,2019,1088210,,
VU,2020,372390,,
VU,2021,1205750,,
VU,2022,223140,,
VU,2023,161670,,
VU,2024,1153960,,
WF,2018,77980,,
WF,2019,192950,,
WF,2021,2932300,,
WF,2022,96610,,
WF,2023,4343670,,
WF,2024,3220060,,
WS,2018,4336470,,
WS,2019,72952840,Samoa,7.0
WS,2020,36242860,Samoa,2.0
WS,2021,57771450,Samoa,5.0
WS,2022,33363430,Samoa,4.0
WS,2023,11686060,,
WS,2024,6632630,,
XC,2018,891180,,
XC,2019,214830,,
XC,2020,253160,,
XC,2021,213560,,
XC,2022,569090,,
XC,2023,489590,,
XC,2024,2641580,,
XK,2018,9138510,,
XK,2019,13519060,,
XK,2020,38997840,Kosovo,4.0
XK,2021,25822730,,
XK,2022,39382060,Kosovo,2.0
XK,2023,27247390,,
XK,2024,29889370,,
XS,2018,2339566830,,
XS,2019,2771760330,,
XS,2020,2606778890,,
XS,2021,2903680110,,
XS,2022,3155600720,,
XS,2023,3541874700,,
XS,2024,3297658470,,
YE,2018,7864170,,
YE,2019,4456230,,
YE,2020,5200980,Yemen,5.0
YE,2021,7773830,,
YE,2022,3923320,,
YE,2023,15972190,,
YE,2024,4827370,,
ZA,2018,60408096740,South Africa,3324.0
ZA,2019,64997620690,South Africa,3844.0
ZA,2020,58688829940,South Africa,3360.0
ZA,2021,76711925500,South Africa,6378.0
ZA,2022,55499044480,South Africa,5499.0
ZA,2023,58360678980,South Africa,4795.0
ZA,2024,84879972480,South Africa,4757.0
ZM,2018,57377270,Zambia,5.0
ZM,2019,42609090,Zambia,3.0
ZM,2020,129885080,Zambia,11.0
ZM,2021,79034500,Zambia,7.0
ZM,2022,23665320,Zambia,1.0
ZM,2023,12932900,Zambia,1.0
ZM,2024,9012240,,
ZW,2018,737006130,Zimbabwe,99.0
ZW,2019,641792020,Zimbabwe,127.0
ZW,2020,73681860,Zimbabwe,104.0
ZW,2021,69168110,Zimbabwe,98.0
ZW,2022,71928190,Zimbabwe,113.0
ZW,2023,48702480,Zimbabwe,109.0
ZW,2024,57196350,Zimbabwe,133.0
ZY,2018,56170179690,,
ZY,2019,58393776430,,
ZY,2020,53110966700,,
ZY,2021,49587736100,,
ZY,2022,69701729320,,
ZY,2023,85884076200,,
ZY,2024,113934927830,,
