country_code,commodity,year,hmrc_import_value,hmrc_net_mass,hmrc_transactions,ons_import_value,ons_import_value_gbp,value_gap,value_gap_pct,data_quality_flag
AD,43,2018,18271230,4992300.0,60,,,,,NO_ONS_DATA
AD,43,2019,3797750,5496000.0,27,,,,,NO_ONS_DATA
AD,43,2020,2769800,4573300.0,31,,,,,NO_ONS_DATA
AD,43,2021,43440600,14820200.0,97,,,,,NO_ONS_DATA
AD,43,2022,38688810,16734000.0,144,,,,,NO_ONS_DATA
AD,43,2023,7402420,6318500.0,82,,,,,NO_ONS_DATA
AD,43,2024,11766900,6122800.0,83,,,,,NO_ONS_DATA
AE,647,2018,34171233000,228577626200.0,18903,,,,,NO_ONS_DATA
AE,647,2019,27660466540,176965569000.0,19642,,,,,NO_ONS_DATA
AE,647,2020,19042862370,136162542400.0,16252,,,,,NO_ONS_DATA
AE,647,2021,24973118140,201695689400.0,17270,,,,,NO_ONS_DATA
AE,647,2022,40908053810,251802906000.0,19318,,,,,NO_ONS_DATA
AE,647,2023,31444702040,201772241400.0,20599,,,,,NO_ONS_DATA
AE,647,2024,38295242440,255540316100.0,22135,,,,,NO_ONS_DATA
AF,660,2018,21279320,41262900.0,206,,,,,NO_ONS_DATA
AF,660,2019,30748610,37709100.0,278,,,,,NO_ONS_DATA
AF,660,2020,37047070,90777700.0,264,,,,,NO_ONS_DATA
AF,660,2021,22094070,54782600.0,250,,,,,NO_ONS_DATA
AF,660,2022,20937810,73451900.0,194,,,,,NO_ONS_DATA
AF,660,2023,19262170,69036600.0,184,,,,,NO_ONS_DATA
AF,660,2024,12271060,54924300.0,262,,,,,NO_ONS_DATA
AG,459,2018,50843300,17189400.0,57,,,,,NO_ONS_DATA
AG,459,2019,30627590,269026200.0,68,,,,,NO_ONS_DATA
AG,459,2020,171876410,25969300.0,39,,,,,NO_ONS_DATA
AG,459,2021,22707760,936017100.0,52,,,,,NO_ONS_DATA
AG,459,2022,1195042030,281606700.0,89,,,,,NO_ONS_DATA
AG,459,2023,20461210,40735200.0,84,,,,,NO_ONS_DATA
AG,459,2024,37400320,44952500.0,57,,,,,NO_ONS_DATA
AI,446,2018,6219340,14295600.0,16,,,,,NO_ONS_DATA
AI,446,2019,14624320,71018500.0,25,,,,,NO_ONS_DATA
AI,446,2020,26798950,178380900.0,11,,,,,NO_ONS_DATA
AI,446,2021,12755420,36959800.0,18,,,,,NO_ONS_DATA
AI,446,2022,7476650,26357000.0,10,,,,,NO_ONS_DATA
AI,446,2023,322610,65400.0,14,,,,,NO_ONS_DATA
AI,446,2024,585260,1374000.0,10,,,,,NO_ONS_DATA
AL,70,2018,72157760,401782600.0,182,,,,,NO_ONS_DATA
AL,70,2019,64012450,340736700.0,249,,,,,NO_ONS_DATA
AL,70,2020,96635600,462389700.0,307,,,,,NO_ONS_DATA
AL,70,2021,92604380,357918200.0,400,,,,,NO_ONS_DATA
AL,70,2022,127051930,442069900.0,510,,,,,NO_ONS_DATA
AL,70,2023,245747330,406353600.0,630,,,,,NO_ONS_DATA
AL,70,2024,128821910,658120400.0,665,,,,,NO_ONS_DATA
AM,77,2018,20659320,33241700.0,112,,,,,NO_ONS_DATA
AM,77,2019,16796070,49534000.0,106,,,,,NO_ONS_DATA
AM,77,2020,17842530,53847500.0,112,,,,,NO_ONS_DATA
AM,77,2021,70419410,54986700.0,169,,,,,NO_ONS_DATA
AM,77,2022,59909910,168545500.0,199,,,,,NO_ONS_DATA
AM,77,2023,42964820,91133600.0,212,,,,,NO_ONS_DATA
AM,77,2024,23605790,26807400.0,220,,,,,NO_ONS_DATA
AO,330,2018,880989840,13585378700.0,389,,,,,NO_ONS_DATA
AO,330,2019,495287420,7412621100.0,372,,,,,NO_ONS_DATA
AO,330,2020,129331870,93002400.0,285,,,,,NO_ONS_DATA
AO,330,2021,210336550,1030741200.0,361,,,,,NO_ONS_DATA
AO,330,2022,11893270620,120925218900.0,298,,,,,NO_ONS_DATA
AO,330,2023,6214396420,77894223000.0,413,,,,,NO_ONS_DATA
AO,330,2024,6083054930,111054624700.0,430,,,,,NO_ONS_DATA
AR,528,2018,6456964310,183394509300.0,1936,,,,,NO_ONS_DATA
AR,528,2019,6842994670,197105453600.0,1961,,,,,NO_ONS_DATA
AR,528,2020,7764560080,222368590700.0,1720,,,,,NO_ONS_DATA
AR,528,2021,8001652470,209387182200.0,1974,,,,,NO_ONS_DATA
AR,528,2022,8784690510,165351069300.0,1939,,,,,NO_ONS_DATA
AR,528,2023,8263349030,171278240500.0,1803,,,,,NO_ONS_DATA
AR,528,2024,12218628730,215836353400.0,1853,,,,,NO_ONS_DATA
AT,38,2018,38438883810,106529394200.0,28645,,,,,NO_ONS_DATA
AT,38,2019,39321809870,106183022500.0,28715,,,,,NO_ONS_DATA
AT,38,2020,34646298210,105314427100.0,27146,,,,,NO_ONS_DATA
AT,38,2021,35154814160,91710985300.0,24701,,,,,NO_ONS_DATA
AT,38,2022,43624064780,68792681000.0,74448,,,,,NO_ONS_DATA
AT,38,2023,49701565550,62057286300.0,72846,,,,,NO_ONS_DATA
AT,38,2024,41553099160,56451254200.0,73887,,,,,NO_ONS_DATA
AU,800,2018,29605056760,207398204000.0,23795,,,,,NO_ONS_DATA
AU,800,2019,86495230100,165868122300.0,23289,,,,,NO_ONS_DATA
AU,800,2020,80692340340,118742261200.0,21073,,,,,NO_ONS_DATA
AU,800,2021,28296675130,121890438600.0,22881,,,,,NO_ONS_DATA
AU,800,2022,20721819060,164023674100.0,22951,,,,,NO_ONS_DATA
AU,800,2023,34960897410,118157416500.0,23705,,,,,NO_ONS_DATA
AU,800,2024,55298635040,61128152900.0,25068,,,,,NO_ONS_DATA
AW,474,2018,998270,125800.0,17,,,,,NO_ONS_DATA
AW,474,2019,372290,80500.0,12,,,,,NO_ONS_DATA
AW,474,2020,248000,647500.0,8,,,,,LOW_SAMPLE_SIZE
AW,474,2021,601860,325100.0,15,,,,,NO_ONS_DATA
AW,474,2022,690470,2039600.0,13,,,,,NO_ONS_DATA
AW,474,2023,1221320,21757600.0,8,,,,,LOW_SAMPLE_SIZE
AW,474,2024,300296700,8484900.0,11,,,,,NO_ONS_DATA
AZ,78,2018,2883243900,44728070500.0,560,,,,,NO_ONS_DATA
AZ,78,2019,2057669480,27523420600.0,1032,,,,,NO_ONS_DATA
AZ,78,2020,1172420200,17091937900.0,832,,,,,NO_ONS_DATA
AZ,78,2021,2443217690,45122681300.0,820,,,,,NO_ONS_DATA
AZ,78,2022,3567132550,43775304000.0,826,,,,,NO_ONS_DATA
AZ,78,2023,2836051230,45387212600.0,815,,,,,NO_ONS_DATA
AZ,78,2024,1011044560,9103173300.0,674,,,,,NO_ONS_DATA
BA,93,2018,194114700,747867100.0,673,,,,,NO_ONS_DATA
BA,93,2019,168412840,658191100.0,602,,,,,NO_ONS_DATA
BA,93,2020,195248300,687384300.0,647,,,,,NO_ONS_DATA
BA,93,2021,272284660,771835600.0,749,,,,,NO_ONS_DATA
BA,93,2022,315776680,752057600.0,822,,,,,NO_ONS_DATA
BA,93,2023,395894500,773888900.0,845,,,,,NO_ONS_DATA
BA,93,2024,320040800,711730500.0,864,,,,,NO_ONS_DATA
BB,469,2018,100563830,227096900.0,287,,,,,NO_ONS_DATA
BB,469,2019,87281170,192690100.0,272,,,,,NO_ONS_DATA
BB,469,2020,79822420,165868600.0,210,,,,,NO_ONS_DATA
BB,469,2021,38381280,132205600.0,211,,,,,NO_ONS_DATA
BB,469,2022,44761380,186845700.0,185,,,,,NO_ONS_DATA
BB,469,2023,50088540,150155600.0,236,,,,,NO_ONS_DATA
BB,469,2024,36156070,114108700.0,252,,,,,NO_ONS_DATA
BD,666,2018,27371731390,27200613700.0,12433,,,,,NO_ONS_DATA
BD,666,2019,30275213040,27817565800.0,12574,,,,,NO_ONS_DATA
BD,666,2020,23437393850,22518272100.0,12472,,,,,NO_ONS_DATA
BD,666,2021,23550394720,25617836100.0,14221,,,,,NO_ONS_DATA
BD,666,2022,35243131960,28007787800.0,14943,,,,,NO_ONS_DATA
BD,666,2023,30310472970,25187993900.0,13464,,,,,NO_ONS_DATA
BD,666,2024,29003886550,26024273300.0,14444,,,,,NO_ONS_DATA
BE,17,2018,259194301340,1513950186800.0,56224,,,,,NO_ONS_DATA
BE,17,2019,253315287360,1191800468800.0,56102,,,,,NO_ONS_DATA
BE,17,2020,223595489170,1070746665100.0,53563,,,,,NO_ONS_DATA
BE,17,2021,227636345420,1083883834800.0,49426,,,,,NO_ONS_DATA
BE,17,2022,290082425500,1219569050200.0,322663,,,,,NO_ONS_DATA
BE,17,2023,282905096460,1150454374700.0,316161,,,,,NO_ONS_DATA
BE,17,2024,308044898900,1259940219300.0,313943,,,,,NO_ONS_DATA
BF,236,2018,50158300,64866200.0,42,,,,,NO_ONS_DATA
BF,236,2019,26292270,44669500.0,42,,,,,NO_ONS_DATA
BF,236,2020,25258340,37208400.0,31,,,,,NO_ONS_DATA
BF,236,2021,34080590,57672600.0,63,,,,,NO_ONS_DATA
BF,236,2022,28789990,51993100.0,55,,,,,NO_ONS_DATA
BF,236,2023,15670060,23865900.0,35,,,,,NO_ONS_DATA
BF,236,2024,8539570,13327500.0,39,,,,,NO_ONS_DATA
BG,68,2018,5079669720,46846557700.0,9084,,,,,NO_ONS_DATA
BG,68,2019,6010256640,68727927700.0,9527,,,,,NO_ONS_DATA
BG,68,2020,4700772870,38130196700.0,10086,,,,,NO_ONS_DATA
BG,68,2021,4484900900,19793041600.0,8657,,,,,NO_ONS_DATA
BG,68,2022,6604255850,24236420200.0,18305,,,,,NO_ONS_DATA
BG,68,2023,6318303670,22069631800.0,16694,,,,,NO_ONS_DATA
BG,68,2024,6088892440,23491668800.0,16667,,,,,NO_ONS_DATA
BH,640,2018,2843629450,35287129500.0,944,,,,,NO_ONS_DATA
BH,640,2019,2871101220,28901937200.0,1195,,,,,NO_ONS_DATA
BH,640,2020,1255082450,15859959600.0,991,,,,,NO_ONS_DATA
BH,640,2021,456749440,1326616000.0,951,,,,,NO_ONS_DATA
BH,640,2022,3976168990,26743322800.0,1121,,,,,NO_ONS_DATA
BH,640,2023,1431074520,13063389000.0,1131,,,,,NO_ONS_DATA
BH,640,2024,890631450,878050200.0,1201,,,,,NO_ONS_DATA
BJ,284,2018,27731570,31465100.0,37,,,,,NO_ONS_DATA
BJ,284,2019,20403440,31671800.0,28,,,,,NO_ONS_DATA
BJ,284,2020,12972850,16672500.0,26,,,,,NO_ONS_DATA
BJ,284,2021,5355590,20780400.0,36,,,,,NO_ONS_DATA
BJ,284,2022,16708140,49208300.0,41,,,,,NO_ONS_DATA
BJ,284,2023,12025960,27590800.0,26,,,,,NO_ONS_DATA
BJ,284,2024,32588840,72944700.0,67,,,,,NO_ONS_DATA
BM,413,2018,115597480,18168400.0,122,,,,,NO_ONS_DATA
BM,413,2019,52185030,25144100.0,117,,,,,NO_ONS_DATA
BM,413,2020,733935230,3048100.0,131,,,,,NO_ONS_DATA
BM,413,2021,14703100,6384100.0,182,,,,,NO_ONS_DATA
BM,413,2022,16771210,8320200.0,135,,,,,NO_ONS_DATA
BM,413,2023,33608380,8265100.0,79,,,,,NO_ONS_DATA
BM,413,2024,19827740,1753000.0,99,,,,,NO_ONS_DATA
BN,703,2018,1108111900,43244300.0,196,,,,,NO_ONS_DATA
BN,703,2019,65828300,32270600.0,224,,,,,NO_ONS_DATA
BN,703,2020,37697210,16669800.0,157,,,,,NO_ONS_DATA
BN,703,2021,157054780,309673000.0,127,,,,,NO_ONS_DATA
BN,703,2022,307707750,436565500.0,162,,,,,NO_ONS_DATA
BN,703,2023,22432050,7946800.0,122,,,,,NO_ONS_DATA
BN,703,2024,26373260,2950400.0,145,,,,,NO_ONS_DATA
BO,516,2018,193855710,260122400.0,175,,,,,NO_ONS_DATA
BO,516,2019,227327980,958561600.0,166,,,,,NO_ONS_DATA
BO,516,2020,166748780,291442900.0,129,,,,,NO_ONS_DATA
BO,516,2021,124893270,225167000.0,103,,,,,NO_ONS_DATA
BO,516,2022,105209450,141955200.0,95,,,,,NO_ONS_DATA
BO,516,2023,74075080,174405000.0,89,,,,,NO_ONS_DATA
BO,516,2024,61444120,122559800.0,73,,,,,NO_ONS_DATA
BR,508,2018,23919854890,409495513600.0,8517,,,,,NO_ONS_DATA
BR,508,2019,26380092010,425893045500.0,8810,,,,,NO_ONS_DATA
BR,508,2020,24599142430,383519029300.0,8339,,,,,NO_ONS_DATA
BR,508,2021,26230441600,384810061000.0,9695,,,,,NO_ONS_DATA
BR,508,2022,33629130630,368837240100.0,9722,,,,,NO_ONS_DATA
BR,508,2023,31170959180,389673101000.0,9063,,,,,NO_ONS_DATA
BR,508,2024,28840293170,298855592800.0,8614,,,,,NO_ONS_DATA
BS,453,2018,63153850,365071900.0,110,,,,,NO_ONS_DATA
BS,453,2019,55658430,455912000.0,91,,,,,NO_ONS_DATA
BS,453,2020,39296310,350403800.0,49,,,,,NO_ONS_DATA
BS,453,2021,170420420,238664700.0,105,,,,,NO_ONS_DATA
BS,453,2022,61734620,259145800.0,128,,,,,NO_ONS_DATA
BS,453,2023,7924440,11321000.0,61,,,,,NO_ONS_DATA
BS,453,2024,11536980,7490000.0,62,,,,,NO_ONS_DATA
BT,675,2018,62230320,3583900.0,21,,,,,NO_ONS_DATA
BT,675,2019,659930,165400.0,26,,,,,NO_ONS_DATA
BT,675,2020,1581950,3180200.0,24,,,,,NO_ONS_DATA
BT,675,2021,940320,128600.0,22,,,,,NO_ONS_DATA
BT,675,2022,787020,1274400.0,21,,,,,NO_ONS_DATA
BT,675,2023,397040,12800.0,19,,,,,NO_ONS_DATA
BT,675,2024,2484310,1038500.0,27,,,,,NO_ONS_DATA
BW,391,2018,137431870,302443800.0,80,,,,,NO_ONS_DATA
BW,391,2019,4234460,5981400.0,48,,,,,NO_ONS_DATA
BW,391,2020,1831540,770800.0,36,,,,,NO_ONS_DATA
BW,391,2021,13957950,19159900.0,54,,,,,NO_ONS_DATA
BW,391,2022,15046130,23613600.0,52,,,,,NO_ONS_DATA
BW,391,2023,11512290,1427000.0,43,,,,,NO_ONS_DATA
BW,391,2024,8942690,2060100.0,59,,,,,NO_ONS_DATA
BY,73,2018,585650000,10472842100.0,537,,,,,NO_ONS_DATA
BY,73,2019,854969040,16195364200.0,684,,,,,NO_ONS_DATA
BY,73,2020,939792050,29265629200.0,773,,,,,NO_ONS_DATA
BY,73,2021,710406280,7214552200.0,1140,,,,,NO_ONS_DATA
BY,73,2022,158583900,787013000.0,497,,,,,NO_ONS_DATA
BY,73,2023,44643690,66691800.0,160,,,,,NO_ONS_DATA
BY,73,2024,22260610,27300700.0,78,,,,,NO_ONS_DATA
BZ,421,2018,712737190,18174255100.0,145,,,,,NO_ONS_DATA
BZ,421,2019,770967520,20536529000.0,129,,,,,NO_ONS_DATA
BZ,421,2020,546193330,9953917700.0,122,,,,,NO_ONS_DATA
BZ,421,2021,498960840,7458378900.0,167,,,,,NO_ONS_DATA
BZ,421,2022,499129420,6985498500.0,121,,,,,NO_ONS_DATA
BZ,421,2023,475052070,7881005200.0,90,,,,,NO_ONS_DATA
BZ,421,2024,479947930,6651793300.0,83,,,,,NO_ONS_DATA
CA,404,2018,112990426740,768818041800.0,49398,,,,,NO_ONS_DATA
CA,404,2019,128919070840,683123433500.0,49010,,,,,NO_ONS_DATA
CA,404,2020,122637618300,726881211900.0,40824,,,,,NO_ONS_DATA
CA,404,2021,109407900960,638542845000.0,43026,,,,,NO_ONS_DATA
CA,404,2022,136446332330,609291642300.0,46044,,,,,NO_ONS_DATA
CA,404,2023,105985574290,556403661800.0,45470,,,,,NO_ONS_DATA
CA,404,2024,181327237320,392141555000.0,44565,,,,,NO_ONS_DATA
CD,322,2018,15638970,108548100.0,59,,,,,NO_ONS_DATA
CD,322,2019,35140040,206611100.0,85,,,,,NO_ONS_DATA
CD,322,2020,26022940,102853000.0,61,,,,,NO_ONS_DATA
CD,322,2021,13324570,79584300.0,91,,,,,NO_ONS_DATA
CD,322,2022,2033206060,36845445300.0,101,,,,,NO_ONS_DATA
CD,322,2023,32496690,93301100.0,134,,,,,NO_ONS_DATA
CD,322,2024,13636510,44566600.0,58,,,,,NO_ONS_DATA
CG,318,2018,240495980,931203600.0,173,,,,,NO_ONS_DATA
CG,318,2019,160457630,768492000.0,170,,,,,NO_ONS_DATA
CG,318,2020,401277470,12191946900.0,114,,,,,NO_ONS_DATA
CG,318,2021,39929930,201000800.0,123,,,,,NO_ONS_DATA
CG,318,2022,144618810,622878900.0,162,,,,,NO_ONS_DATA
CG,318,2023,1317867590,24924639300.0,96,,,,,NO_ONS_DATA
CG,318,2024,1208608920,24730430400.0,133,,,,,NO_ONS_DATA
CH,39,2018,68212298750,20921224000.0,55662,,,,,NO_ONS_DATA
CH,39,2019,205877119140,17136834700.0,55876,,,,,NO_ONS_DATA
CH,39,2020,108613331250,15854451500.0,51992,,,,,NO_ONS_DATA
CH,39,2021,121087224430,57543875100.0,98979,,,,,NO_ONS_DATA
CH,39,2022,123058451990,59503853700.0,98594,,,,,NO_ONS_DATA
CH,39,2023,121731488800,33572476800.0,98094,,,,,NO_ONS_DATA
CH,39,2024,169714587200,30664756700.0,96722,,,,,NO_ONS_DATA
CI,272,2018,1945045730,12129313900.0,472,,,,,NO_ONS_DATA
CI,272,2019,2278748020,11553306500.0,422,,,,,NO_ONS_DATA
CI,272,2020,3112640850,39458115600.0,383,,,,,NO_ONS_DATA
CI,272,2021,3716966720,58020687400.0,395,,,,,NO_ONS_DATA
CI,272,2022,3013853670,26468219100.0,367,,,,,NO_ONS_DATA
CI,272,2023,4181449840,37273543900.0,556,,,,,NO_ONS_DATA
CI,272,2024,3593090050,14547538900.0,439,,,,,NO_ONS_DATA
CL,512,2018,9432252750,38466777300.0,2165,,,,,NO_ONS_DATA
CL,512,2019,8488352050,35831107100.0,2185,,,,,NO_ONS_DATA
CL,512,2020,5383823080,31576560600.0,1835,,,,,NO_ONS_DATA
CL,512,2021,5019719370,28371249400.0,2038,,,,,NO_ONS_DATA
CL,512,2022,6789347960,33583996100.0,1964,,,,,NO_ONS_DATA
CL,512,2023,4406039480,23342580800.0,1934,,,,,NO_ONS_DATA
CL,512,2024,5116482300,29036998900.0,2042,,,,,NO_ONS_DATA
CM,302,2018,469991050,5746462700.0,568,,,,,NO_ONS_DATA
CM,302,2019,563472770,6505475700.0,420,,,,,NO_ONS_DATA
CM,302,2020,445116090,4584409600.0,487,,,,,NO_ONS_DATA
CM,302,2021,545049360,6034023600.0,397,,,,,NO_ONS_DATA
CM,302,2022,1307962580,17326356500.0,401,,,,,NO_ONS_DATA
CM,302,2023,1549084910,25547833800.0,362,,,,,NO_ONS_DATA
CM,302,2024,1157139710,19955796000.0,339,,,,,NO_ONS_DATA
CN,720,2018,425603919330,845798492400.0,241121,,,,,NO_ONS_DATA
CN,720,2019,463746127770,898877876900.0,240968,,,,,NO_ONS_DATA
CN,720,2020,534304387410,875967923600.0,227661,,,,,NO_ONS_DATA
CN,720,2021,632974871130,992648573800.0,267297,,,,,NO_ONS_DATA
CN,720,2022,690698042130,988073553400.0,275988,,,,,NO_ONS_DATA
CN,720,2023,622210619890,1035426169700.0,285287,,,,,NO_ONS_DATA
CN,720,2024,620423684370,1102511846300.0,312692,,,,,NO_ONS_DATA
CO,480,2018,4342588190,117451949200.0,2033,,,,,NO_ONS_DATA
CO,480,2019,4704688430,117028876400.0,2138,,,,,NO_ONS_DATA
CO,480,2020,3899058100,79307144200.0,1885,,,,,NO_ONS_DATA
CO,480,2021,4330230110,81411670800.0,2176,,,,,NO_ONS_DATA
CO,480,2022,5899802990,104845484500.0,2201,,,,,NO_ONS_DATA
CO,480,2023,4983688010,87872974400.0,2370,,,,,NO_ONS_DATA
CO,480,2024,4619622350,101995917300.0,2242,,,,,NO_ONS_DATA
CR,436,2018,2381751900,37232212400.0,873,,,,,NO_ONS_DATA
CR,436,2019,2670681060,44733244300.0,860,,,,,NO_ONS_DATA
CR,436,2020,2400764390,39396660100.0,816,,,,,NO_ONS_DATA
CR,436,2021,2203118460,41070947500.0,878,,,,,NO_ONS_DATA
CR,436,2022,2705071090,37676164400.0,1232,,,,,NO_ONS_DATA
CR,436,2023,3100396810,34776882400.0,984,,,,,NO_ONS_DATA
CR,436,2024,2718895550,35952946000.0,1028,,,,,NO_ONS_DATA
CU,448,2018,73910110,83434700.0,75,,,,,NO_ONS_DATA
CU,448,2019,70308040,101395400.0,63,,,,,NO_ONS_DATA
CU,448,2020,65308270,27466400.0,32,,,,,NO_ONS_DATA
CU,448,2021,63302820,25914900.0,58,,,,,NO_ONS_DATA
CU,448,2022,74714580,42276800.0,87,,,,,NO_ONS_DATA
CU,448,2023,87622170,40418100.0,61,,,,,NO_ONS_DATA
CU,448,2024,112823180,71243900.0,62,,,,,NO_ONS_DATA
CV,247,2018,569040,130900.0,22,,,,,NO_ONS_DATA
CV,247,2019,19344130,38144100.0,50,,,,,NO_ONS_DATA
CV,247,2020,6210470,1897700.0,17,,,,,NO_ONS_DATA
CV,247,2021,1376860,1749900.0,27,,,,,NO_ONS_DATA
CV,247,2022,2042060,671000.0,19,,,,,NO_ONS_DATA
CV,247,2023,3735080,5684700.0,17,,,,,NO_ONS_DATA
CV,247,2024,2261080,4231900.0,15,,,,,NO_ONS_DATA
CW,476,2018,3279700,2554900.0,41,,,,,NO_ONS_DATA
CW,476,2019,14112320,3487600.0,66,,,,,NO_ONS_DATA
CW,476,2020,6430010,21249700.0,35,,,,,NO_ONS_DATA
CW,476,2021,2198050,2569000.0,34,,,,,NO_ONS_DATA
CW,476,2022,95484100,758778700.0,46,,,,,NO_ONS_DATA
CW,476,2023,8973250,2222600.0,48,,,,,NO_ONS_DATA
CW,476,2024,18744430,3339900.0,37,,,,,NO_ONS_DATA
CX,834,2018,31160,2500.0,1,,,,,LOW_SAMPLE_SIZE
CX,834,2019,1575670,3107500.0,10,,,,,NO_ONS_DATA
CX,834,2020,3449760,88000.0,1,,,,,LOW_SAMPLE_SIZE
CX,834,2021,6434730,10374100.0,4,,,,,LOW_SAMPLE_SIZE
CX,834,2022,8169800,12716600.0,5,,,,,LOW_SAMPLE_SIZE
CY,600,2018,1639833790,10312800200.0,5126,,,,,NO_ONS_DATA
CY,600,2019,2394707570,8186817100.0,5080,,,,,NO_ONS_DATA
CY,600,2020,1965058020,7141633400.0,5240,,,,,NO_ONS_DATA
CY,600,2021,1554692930,10087563800.0,4538,,,,,NO_ONS_DATA
CY,600,2022,3029393250,14317990000.0,3439,,,,,NO_ONS_DATA
CY,600,2023,2455755720,8880475100.0,3491,,,,,NO_ONS_DATA
CY,600,2024,2628427330,9427097700.0,3104,,,,,NO_ONS_DATA
CZ,61,2018,58762445140,94191332600.0,29211,,,,,NO_ONS_DATA
CZ,61,2019,60638450830,93007342100.0,32007,,,,,NO_ONS_DATA
CZ,61,2020,45525602760,76584577100.0,32067,,,,,NO_ONS_DATA
CZ,61,2021,43542202630,73643929600.0,27691,,,,,NO_ONS_DATA
CZ,61,2022,49880944430,69751660900.0,74614,,,,,NO_ONS_DATA
CZ,61,2023,54885843390,69351816000.0,77583,,,,,NO_ONS_DATA
CZ,61,2024,56016158220,65395451200.0,75887,,,,,NO_ONS_DATA
DE,4,2018,683328004790,1712804617600.0,76689,,,,,NO_ONS_DATA
DE,4,2019,669098503170,1681079346800.0,76545,,,,,NO_ONS_DATA
DE,4,2020,571631772580,1387365719700.0,74799,,,,,NO_ONS_DATA
DE,4,2021,538370985490,1262085634600.0,72156,,,,,NO_ONS_DATA
DE,4,2022,697025061970,1203020867000.0,754531,,,,,NO_ONS_DATA
DE,4,2023,763000664310,1179271992800.0,758523,,,,,NO_ONS_DATA
DE,4,2024,750197772530,1292134047800.0,757574,,,,,NO_ONS_DATA
DJ,338,2018,102964070,1920189500.0,102,,,,,NO_ONS_DATA
DJ,338,2019,135150790,725331800.0,94,,,,,NO_ONS_DATA
DJ,338,2020,94262740,458015800.0,94,,,,,NO_ONS_DATA
DJ,338,2021,109465180,644577400.0,134,,,,,NO_ONS_DATA
DJ,338,2022,108387360,616833100.0,117,,,,,NO_ONS_DATA
DJ,338,2023,158784800,791746800.0,88,,,,,NO_ONS_DATA
DJ,338,2024,81386300,329613300.0,88,,,,,NO_ONS_DATA
DK,8,2018,66489226370,278878612000.0,35321,,,,,NO_ONS_DATA
DK,8,2019,66318097770,233402831500.0,35755,,,,,NO_ONS_DATA
DK,8,2020,48063494460,242328174900.0,33718,,,,,NO_ONS_DATA
DK,8,2021,47321297030,222701648200.0,30340,,,,,NO_ONS_DATA
DK,8,2022,49903693770,166610861500.0,114035,,,,,NO_ONS_DATA
DK,8,2023,56989114980,220867093000.0,112704,,,,,NO_ONS_DATA
DK,8,2024,61212953160,188251889300.0,113211,,,,,NO_ONS_DATA
DM,460,2018,5168420,36436400.0,41,,,,,NO_ONS_DATA
DM,460,2019,7767130,21128900.0,44,,,,,NO_ONS_DATA
DM,460,2020,6583490,17581700.0,31,,,,,NO_ONS_DATA
DM,460,2021,15162510,45656500.0,48,,,,,NO_ONS_DATA
DM,460,2022,14423820,59219800.0,33,,,,,NO_ONS_DATA
DM,460,2023,2982800,7363600.0,30,,,,,NO_ONS_DATA
DM,460,2024,4663480,13408900.0,19,,,,,NO_ONS_DATA
DO,456,2018,1066556320,15178372500.0,773,,,,,NO_ONS_DATA
DO,456,2019,1116243090,14552392400.0,818,,,,,NO_ONS_DATA
DO,456,2020,1038100560,13440749100.0,670,,,,,NO_ONS_DATA
DO,456,2021,893758130,10432947300.0,725,,,,,NO_ONS_DATA
DO,456,2022,906420250,8868547900.0,881,,,,,NO_ONS_DATA
DO,456,2023,897105520,8179466100.0,793,,,,,NO_ONS_DATA
DO,456,2024,892058460,8392528300.0,758,,,,,NO_ONS_DATA
DZ,208,2018,22007127130,507405514600.0,338,,,,,NO_ONS_DATA
DZ,208,2019,19886160300,527005839800.0,364,,,,,NO_ONS_DATA
DZ,208,2020,4681910420,150204623000.0,181,,,,,NO_ONS_DATA
DZ,208,2021,10684890450,236960449400.0,282,,,,,NO_ONS_DATA
DZ,208,2022,18131259420,276727938100.0,284,,,,,NO_ONS_DATA
DZ,208,2023,16135313630,326978236700.0,333,,,,,NO_ONS_DATA
DZ,208,2024,12974182430,277970904400.0,404,,,,,NO_ONS_DATA
EC,500,2018,1534125550,16229350600.0,738,,,,,NO_ONS_DATA
EC,500,2019,1393416780,14554964100.0,728,,,,,NO_ONS_DATA
EC,500,2020,1771147840,16015688700.0,781,,,,,NO_ONS_DATA
EC,500,2021,2129807160,14833508400.0,978,,,,,NO_ONS_DATA
EC,500,2022,2128827310,12206654400.0,912,,,,,NO_ONS_DATA
EC,500,2023,2353736900,12825257000.0,1007,,,,,NO_ONS_DATA
EC,500,2024,2562765350,13939340000.0,941,,,,,NO_ONS_DATA
EE,53,2018,2143318240,49370607000.0,5095,,,,,NO_ONS_DATA
EE,53,2019,2493472460,76883367600.0,4951,,,,,NO_ONS_DATA
EE,53,2020,2146402620,58297138300.0,4597,,,,,NO_ONS_DATA
EE,53,2021,2946408190,78147605300.0,3930,,,,,NO_ONS_DATA
EE,53,2022,4535694900,47235653100.0,7935,,,,,NO_ONS_DATA
EE,53,2023,3171097990,21627130100.0,7244,,,,,NO_ONS_DATA
EE,53,2024,3687432070,30792283200.0,7664,,,,,NO_ONS_DATA
EG,220,2018,8178669280,89037651700.0,5328,,,,,NO_ONS_DATA
EG,220,2019,8682212240,79675424100.0,5660,,,,,NO_ONS_DATA
EG,220,2020,7571893240,99613960200.0,4913,,,,,NO_ONS_DATA
EG,220,2021,9211807900,69445597400.0,5455,,,,,NO_ONS_DATA
EG,220,2022,16859367440,142725575900.0,5700,,,,,NO_ONS_DATA
EG,220,2023,12955627870,119422988100.0,5939,,,,,NO_ONS_DATA
EG,220,2024,14254376400,104809611200.0,6729,,,,,NO_ONS_DATA
ER,336,2018,180000,1133100.0,3,,,,,LOW_SAMPLE_SIZE
ER,336,2019,649110,5545500.0,11,,,,,NO_ONS_DATA
ER,336,2020,355960,3126200.0,6,,,,,LOW_SAMPLE_SIZE
ER,336,2021,1250430,6124800.0,19,,,,,NO_ONS_DATA
ER,336,2022,42559730,8086400.0,15,,,,,NO_ONS_DATA
ER,336,2023,624490,3631200.0,6,,,,,LOW_SAMPLE_SIZE
ER,336,2024,1566740,13100700.0,10,,,,,NO_ONS_DATA
ES,11,2018,157448844060,1081609752400.0,48355,,,,,NO_ONS_DATA
ES,11,2019,167521932040,1098986649500.0,50508,,,,,NO_ONS_DATA
ES,11,2020,143445767720,995369019400.0,52167,,,,,NO_ONS_DATA
ES,11,2021,144000062560,983313573300.0,47873,,,,,NO_ONS_DATA
ES,11,2022,185370918620,1173950908400.0,191183,,,,,NO_ONS_DATA
ES,11,2023,194209916910,976444386900.0,185895,,,,,NO_ONS_DATA
ES,11,2024,205355510900,1010216724400.0,199527,,,,,NO_ONS_DATA
ET,334,2018,1782543650,1706974100.0,769,,,,,NO_ONS_DATA
ET,334,2019,3282436810,671939000.0,885,,,,,NO_ONS_DATA
ET,334,2020,3252066330,499192000.0,674,,,,,NO_ONS_DATA
ET,334,2021,2280356630,560282300.0,771,,,,,NO_ONS_DATA
ET,334,2022,2211683450,734482400.0,712,,,,,NO_ONS_DATA
ET,334,2023,1844938240,656865500.0,768,,,,,NO_ONS_DATA
ET,334,2024,2190191500,697579600.0,889,,,,,NO_ONS_DATA
FI,32,2018,24687639590,302625493600.0,15553,,,,,NO_ONS_DATA
FI,32,2019,24300216660,288132223700.0,15240,,,,,NO_ONS_DATA
FI,32,2020,21231297650,264327442500.0,14553,,,,,NO_ONS_DATA
FI,32,2021,20441246430,237383227200.0,13278,,,,,NO_ONS_DATA
FI,32,2022,27520547970,235465685800.0,31284,,,,,NO_ONS_DATA
FI,32,2023,22745907710,185386059800.0,30235,,,,,NO_ONS_DATA
FI,32,2024,22300283160,189419723300.0,30625,,,,,NO_ONS_DATA
FJ,815,2018,113171310,2205347800.0,218,,,,,NO_ONS_DATA
FJ,815,2019,206376020,6411049100.0,150,,,,,NO_ONS_DATA
FJ,815,2020,275012130,9348357900.0,99,,,,,NO_ONS_DATA
FJ,815,2021,26991290,431822000.0,112,,,,,NO_ONS_DATA
FJ,815,2022,32107160,511580700.0,114,,,,,NO_ONS_DATA
FJ,815,2023,283308220,3988530200.0,107,,,,,NO_ONS_DATA
FJ,815,2024,128924020,2372989200.0,93,,,,,NO_ONS_DATA
FK,529,2018,74703970,144737900.0,154,,,,,NO_ONS_DATA
FK,529,2019,58555400,191027400.0,194,,,,,NO_ONS_DATA
FK,529,2020,39872620,102856100.0,180,,,,,NO_ONS_DATA
FK,529,2021,61660140,70478800.0,171,,,,,NO_ONS_DATA
FK,529,2022,62363020,124164700.0,132,,,,,NO_ONS_DATA
FK,529,2023,114937750,122337300.0,154,,,,,NO_ONS_DATA
FK,529,2024,66944660,121501100.0,160,,,,,NO_ONS_DATA
FO,41,2018,2071072240,4376661500.0,501,,,,,NO_ONS_DATA
FO,41,2019,2517697940,5256573900.0,492,,,,,NO_ONS_DATA
FO,41,2020,1994912410,4667549600.0,558,,,,,NO_ONS_DATA
FO,41,2021,2218973380,6919704600.0,430,,,,,NO_ONS_DATA
FO,41,2022,3195529890,9328816500.0,502,,,,,NO_ONS_DATA
FO,41,2023,2444930860,6212755000.0,385,,,,,NO_ONS_DATA
FO,41,2024,2480498820,6714682300.0,406,,,,,NO_ONS_DATA
FR,1,2018,275553914300,1238917062700.0,66555,,,,,NO_ONS_DATA
FR,1,2019,298703108000,1106605921600.0,66465,,,,,NO_ONS_DATA
FR,1,2020,225711533040,970003015800.0,63540,,,,,NO_ONS_DATA
FR,1,2021,212155591120,773617660600.0,60348,,,,,NO_ONS_DATA
FR,1,2022,348589534230,903801553000.0,508876,,,,,NO_ONS_DATA
FR,1,2023,400831280030,872032165200.0,499052,,,,,NO_ONS_DATA
FR,1,2024,353966546140,864118764200.0,483398,,,,,NO_ONS_DATA
GA,314,2018,46025500,70169400.0,292,,,,,NO_ONS_DATA
GA,314,2019,48435250,95869500.0,98,,,,,NO_ONS_DATA
GA,314,2020,149953750,4259573800.0,155,,,,,NO_ONS_DATA
GA,314,2021,400984440,8750981700.0,139,,,,,NO_ONS_DATA
GA,314,2022,97837120,554708100.0,123,,,,,NO_ONS_DATA
GA,314,2023,493510220,8609900900.0,103,,,,,NO_ONS_DATA
GA,314,2024,227749990,4507282400.0,93,,,,,NO_ONS_DATA
GE,76,2018,116748110,1570070000.0,305,,,,,NO_ONS_DATA
GE,76,2019,199391460,2937476600.0,492,,,,,NO_ONS_DATA
GE,76,2020,131736070,539336100.0,436,,,,,NO_ONS_DATA
GE,76,2021,347488730,3159416900.0,970,,,,,NO_ONS_DATA
GE,76,2022,619685720,8209825700.0,590,,,,,NO_ONS_DATA
GE,76,2023,295054160,7109121300.0,523,,,,,NO_ONS_DATA
GE,76,2024,1227299850,19123407700.0,504,,,,,NO_ONS_DATA
GH,276,2018,4249475520,64114901400.0,1478,,,,,NO_ONS_DATA
GH,276,2019,2882184290,46111756300.0,1521,,,,,NO_ONS_DATA
GH,276,2020,1710225220,8948302000.0,1553,,,,,NO_ONS_DATA
GH,276,2021,1382485240,7991491000.0,1500,,,,,NO_ONS_DATA
GH,276,2022,6435643290,85092325200.0,1487,,,,,NO_ONS_DATA
GH,276,2023,2824805390,32246984800.0,1379,,,,,NO_ONS_DATA
GH,276,2024,1880185580,8762130800.0,1503,,,,,NO_ONS_DATA
GI,44,2018,159110690,51940800.0,231,,,,,NO_ONS_DATA
GI,44,2019,66871970,27927000.0,230,,,,,NO_ONS_DATA
GI,44,2020,587453250,7502891200.0,339,,,,,NO_ONS_DATA
GI,44,2021,109418540,42977500.0,236,,,,,NO_ONS_DATA
GI,44,2022,95592520,1209979900.0,215,,,,,NO_ONS_DATA
GI,44,2023,56972680,63082300.0,269,,,,,NO_ONS_DATA
GI,44,2024,33327890,10828900.0,239,,,,,NO_ONS_DATA
GL,406,2018,6921140,113700.0,16,,,,,NO_ONS_DATA
GL,406,2019,24759530,40246200.0,18,,,,,NO_ONS_DATA
GL,406,2020,297690,32100.0,12,,,,,NO_ONS_DATA
GL,406,2021,17834330,28760200.0,26,,,,,NO_ONS_DATA
GL,406,2022,10166650,12373200.0,27,,,,,NO_ONS_DATA
GL,406,2023,6702170,12582000.0,26,,,,,NO_ONS_DATA
GL,406,2024,33526760,13328700.0,20,,,,,NO_ONS_DATA
GM,252,2018,27969790,202611700.0,94,,,,,NO_ONS_DATA
GM,252,2019,38944250,317999500.0,85,,,,,NO_ONS_DATA
GM,252,2020,28649800,165975000.0,85,,,,,NO_ONS_DATA
GM,252,2021,29731280,155352900.0,82,,,,,NO_ONS_DATA
GM,252,2022,22218680,142994600.0,81,,,,,NO_ONS_DATA
GM,252,2023,35194270,177292400.0,77,,,,,NO_ONS_DATA
GM,252,2024,34554500,142026400.0,106,,,,,NO_ONS_DATA
GN,260,2018,12898550,570769000.0,22,,,,,NO_ONS_DATA
GN,260,2019,5995030,49934100.0,25,,,,,NO_ONS_DATA
GN,260,2020,1282020,7693100.0,15,,,,,NO_ONS_DATA
GN,260,2021,2244620,9310600.0,23,,,,,NO_ONS_DATA
GN,260,2022,3774040,16043800.0,30,,,,,NO_ONS_DATA
GN,260,2023,10426910,505961000.0,19,,,,,NO_ONS_DATA
GN,260,2024,148380,315000.0,7,,,,,LOW_SAMPLE_SIZE
GQ,310,2018,238261610,5753299300.0,62,,,,,NO_ONS_DATA
GQ,310,2019,349102570,11308331800.0,82,,,,,NO_ONS_DATA
GQ,310,2020,148904250,6034455600.0,125,,,,,NO_ONS_DATA
GQ,310,2021,47155740,14510800.0,68,,,,,NO_ONS_DATA
GQ,310,2022,7264970,3101200.0,48,,,,,NO_ONS_DATA
GQ,310,2023,82870110,1544328300.0,94,,,,,NO_ONS_DATA
GQ,310,2024,1031087710,19301154300.0,81,,,,,NO_ONS_DATA
GR,9,2018,9081996780,68514152600.0,10861,,,,,NO_ONS_DATA
GR,9,2019,9537917620,69578630800.0,11083,,,,,NO_ONS_DATA
GR,9,2020,9092507470,53223353200.0,10603,,,,,NO_ONS_DATA
GR,9,2021,8595005570,70065355100.0,9200,,,,,NO_ONS_DATA
GR,9,2022,14779089080,149883466000.0,17790,,,,,NO_ONS_DATA
GR,9,2023,14941055860,123639315300.0,18028,,,,,NO_ONS_DATA
GR,9,2024,15818261070,120924033800.0,18151,,,,,NO_ONS_DATA
GT,416,2018,800998010,8239514700.0,591,,,,,NO_ONS_DATA
GT,416,2019,922430690,14842077000.0,588,,,,,NO_ONS_DATA
GT,416,2020,872103370,13616693300.0,589,,,,,NO_ONS_DATA
GT,416,2021,840193160,7514798600.0,648,,,,,NO_ONS_DATA
GT,416,2022,804293700,8160857300.0,566,,,,,NO_ONS_DATA
GT,416,2023,941499550,8870712300.0,510,,,,,NO_ONS_DATA
GT,416,2024,1045681380,12689481200.0,521,,,,,NO_ONS_DATA
GU,831,2018,2911870,965100.0,23,,,,,NO_ONS_DATA
GU,831,2019,6815780,3335200.0,23,,,,,NO_ONS_DATA
GU,831,2020,4576280,1673600.0,11,,,,,NO_ONS_DATA
GU,831,2021,14517240,1192800.0,24,,,,,NO_ONS_DATA
GU,831,2022,1811920,3083900.0,20,,,,,NO_ONS_DATA
GU,831,2023,577910,1380700.0,12,,,,,NO_ONS_DATA
GU,831,2024,3325000,12799800.0,13,,,,,NO_ONS_DATA
GY,488,2018,290784180,8524348300.0,160,,,,,NO_ONS_DATA
GY,488,2019,334460040,9405181000.0,188,,,,,NO_ONS_DATA
GY,488,2020,282218780,7020267300.0,166,,,,,NO_ONS_DATA
GY,488,2021,238919670,3959321000.0,228,,,,,NO_ONS_DATA
GY,488,2022,6739592080,100643024200.0,257,,,,,NO_ONS_DATA
GY,488,2023,4147020240,81334088900.0,265,,,,,NO_ONS_DATA
GY,488,2024,8136001550,165462275300.0,190,,,,,NO_ONS_DATA
HK,740,2018,69323022290,43152185600.0,96463,,,,,NO_ONS_DATA
HK,740,2019,83332223190,39025028100.0,94754,,,,,NO_ONS_DATA
HK,740,2020,164175816780,35913471400.0,83309,,,,,NO_ONS_DATA
HK,740,2021,75205842200,37981266500.0,90659,,,,,NO_ONS_DATA
HK,740,2022,61240334190,28089701200.0,81929,,,,,NO_ONS_DATA
HK,740,2023,47888625430,21152451500.0,70019,,,,,NO_ONS_DATA
HK,740,2024,59032133790,21256055000.0,71259,,,,,NO_ONS_DATA
HN,424,2018,1265963500,11272899300.0,413,,,,,NO_ONS_DATA
HN,424,2019,1310372640,8444706200.0,453,,,,,NO_ONS_DATA
HN,424,2020,1141562060,8105467600.0,424,,,,,NO_ONS_DATA
HN,424,2021,1226770360,7891925000.0,541,,,,,NO_ONS_DATA
HN,424,2022,1564090730,5441481300.0,592,,,,,NO_ONS_DATA
HN,424,2023,1347314410,4646716000.0,470,,,,,NO_ONS_DATA
HN,424,2024,1343041700,4680407400.0,426,,,,,NO_ONS_DATA
HR,92,2018,1420964650,4886593900.0,4639,,,,,NO_ONS_DATA
HR,92,2019,1682892910,4951596100.0,4925,,,,,NO_ONS_DATA
HR,92,2020,1954433020,4290527000.0,4552,,,,,NO_ONS_DATA
HR,92,2021,1321672450,5760467700.0,4181,,,,,NO_ONS_DATA
HR,92,2022,1805204020,3811794300.0,4358,,,,,NO_ONS_DATA
HR,92,2023,1859643640,3122189800.0,4458,,,,,NO_ONS_DATA
HR,92,2024,2253534640,3444903300.0,4890,,,,,NO_ONS_DATA
HT,452,2018,48406070,88338200.0,49,,,,,NO_ONS_DATA
HT,452,2019,65328190,102186800.0,45,,,,,NO_ONS_DATA
HT,452,2020,38039500,59297400.0,50,,,,,NO_ONS_DATA
HT,452,2021,54237360,16547200.0,52,,,,,NO_ONS_DATA
HT,452,2022,11847310,12349900.0,59,,,,,NO_ONS_DATA
HT,452,2023,4897450,3479600.0,42,,,,,NO_ONS_DATA
HT,452,2024,2505110,1394600.0,26,,,,,NO_ONS_DATA
HU,64,2018,28083166940,49918724700.0,16011,,,,,NO_ONS_DATA
HU,64,2019,30651251540,44278363000.0,16126,,,,,NO_ONS_DATA
HU,64,2020,26438513180,40479361000.0,15072,,,,,NO_ONS_DATA
HU,64,2021,23149931420,38018232400.0,13832,,,,,NO_ONS_DATA
HU,64,2022,29535178330,34935253100.0,36515,,,,,NO_ONS_DATA
HU,64,2023,34710052350,35645153500.0,36624,,,,,NO_ONS_DATA
HU,64,2024,35639230390,36492112400.0,35811,,,,,NO_ONS_DATA
ID,700,2018,11538846330,81859255000.0,14399,,,,,NO_ONS_DATA
ID,700,2019,11995140280,89613661800.0,14419,,,,,NO_ONS_DATA
ID,700,2020,10109530950,64474181800.0,12685,,,,,NO_ONS_DATA
ID,700,2021,11693125200,70700919500.0,13754,,,,,NO_ONS_DATA
ID,700,2022,15418320200,76603244800.0,13966,,,,,NO_ONS_DATA
ID,700,2023,11810435130,67671111700.0,13205,,,,,NO_ONS_DATA
ID,700,2024,12759179680,87848476100.0,13525,,,,,NO_ONS_DATA
IE,7,2018,137171728180,1058599437200.0,54271,,,,,NO_ONS_DATA
IE,7,2019,139259455730,1056480608000.0,54721,,,,,NO_ONS_DATA
IE,7,2020,134501624030,975880653900.0,52951,,,,,NO_ONS_DATA
IE,7,2021,139488158740,1097260319200.0,50938,,,,,NO_ONS_DATA
IE,7,2022,187157971990,1020528821700.0,135133,,,,,NO_ONS_DATA
IE,7,2023,190739940080,942348649600.0,139441,,,,,NO_ONS_DATA
IE,7,2024,181370959440,1036562778300.0,160109,,,,,NO_ONS_DATA
IL,624,2018,11163802850,37974897900.0,15025,,,,,NO_ONS_DATA
IL,624,2019,12382500800,43601403000.0,14583,,,,,NO_ONS_DATA
IL,624,2020,14020560520,54678876000.0,13966,,,,,NO_ONS_DATA
IL,624,2021,16774629570,41612944900.0,15605,,,,,NO_ONS_DATA
IL,624,2022,25792749240,45996926500.0,16224,,,,,NO_ONS_DATA
IL,624,2023,17603081060,47396923600.0,16564,,,,,NO_ONS_DATA
IL,624,2024,13103874080,46051556200.0,14899,,,,,NO_ONS_DATA
IN,664,2018,73626199900,359879680500.0,79784,,,,,NO_ONS_DATA
IN,664,2019,79013272200,458102106600.0,80813,,,,,NO_ONS_DATA
IN,664,2020,58986971310,306676211500.0,71888,,,,,NO_ONS_DATA
IN,664,2021,82782464760,401100820100.0,86901,,,,,NO_ONS_DATA
IN,664,2022,105285354260,461156356900.0,89614,,,,,NO_ONS_DATA
IN,664,2023,98644253950,455394393600.0,88378,,,,,NO_ONS_DATA
IN,664,2024,101782754790,492362373300.0,92915,,,,,NO_ONS_DATA
IQ,612,2018,36219110,49484300.0,156,,,,,NO_ONS_DATA
IQ,612,2019,27917180,61125600.0,194,,,,,NO_ONS_DATA
IQ,612,2020,367530970,14054016300.0,141,,,,,NO_ONS_DATA
IQ,612,2021,34505870,1388758900.0,197,,,,,NO_ONS_DATA
IQ,612,2022,45279580,86301500.0,314,,,,,NO_ONS_DATA
IQ,612,2023,57010670,845186900.0,458,,,,,NO_ONS_DATA
IQ,612,2024,119113780,210029100.0,626,,,,,NO_ONS_DATA
IR,616,2018,267678010,5112429000.0,1155,,,,,NO_ONS_DATA
IR,616,2019,175300750,1893784400.0,917,,,,,NO_ONS_DATA
IR,616,2020,100183490,402304400.0,945,,,,,NO_ONS_DATA
IR,616,2021,157458480,464087300.0,1189,,,,,NO_ONS_DATA
IR,616,2022,164428870,420032800.0,1148,,,,,NO_ONS_DATA
IR,616,2023,173767850,533497800.0,1226,,,,,NO_ONS_DATA
IR,616,2024,150752340,571998500.0,1457,,,,,NO_ONS_DATA
IS,24,2018,4768100250,15534441300.0,2475,,,,,NO_ONS_DATA
IS,24,2019,4784328210,15345199800.0,2437,,,,,NO_ONS_DATA
IS,24,2020,4478377490,15404534400.0,2186,,,,,NO_ONS_DATA
IS,24,2021,4482790640,15052304500.0,2132,,,,,NO_ONS_DATA
IS,24,2022,5630812740,15706562800.0,2198,,,,,NO_ONS_DATA
IS,24,2023,5237017220,13536066200.0,2176,,,,,NO_ONS_DATA
IS,24,2024,5735506710,15854320400.0,2202,,,,,NO_ONS_DATA
IT,5,2018,194371737230,560517654400.0,58133,,,,,NO_ONS_DATA
IT,5,2019,205173914140,591714100200.0,59294,,,,,NO_ONS_DATA
IT,5,2020,178443329050,545617172700.0,58294,,,,,NO_ONS_DATA
IT,5,2021,176522709160,530084857800.0,56747,,,,,NO_ONS_DATA
IT,5,2022,232349975700,514091788500.0,353693,,,,,NO_ONS_DATA
IT,5,2023,221335087060,462550869800.0,346562,,,,,NO_ONS_DATA
IT,5,2024,230616964940,479483769600.0,352395,,,,,NO_ONS_DATA
JM,464,2018,402672870,3621138400.0,936,,,,,NO_ONS_DATA
JM,464,2019,400759810,2285117900.0,858,,,,,NO_ONS_DATA
JM,464,2020,422953060,1790901400.0,983,,,,,NO_ONS_DATA
JM,464,2021,464043220,1992095500.0,995,,,,,NO_ONS_DATA
JM,464,2022,452732870,1968193400.0,871,,,,,NO_ONS_DATA
JM,464,2023,529987560,2235281400.0,829,,,,,NO_ONS_DATA
JM,464,2024,430753170,1853948400.0,837,,,,,NO_ONS_DATA
JO,628,2018,329431740,816923300.0,962,,,,,NO_ONS_DATA
JO,628,2019,342420780,954777800.0,1019,,,,,NO_ONS_DATA
JO,628,2020,1063095670,878452300.0,851,,,,,NO_ONS_DATA
JO,628,2021,941813780,858593600.0,1132,,,,,NO_ONS_DATA
JO,628,2022,2667807270,1152359600.0,1414,,,,,NO_ONS_DATA
JO,628,2023,2153609140,1001552500.0,1434,,,,,NO_ONS_DATA
JO,628,2024,1634674810,1372218900.0,1935,,,,,NO_ONS_DATA
JP,732,2018,99459684400,116147496300.0,57696,,,,,NO_ONS_DATA
JP,732,2019,103517480900,119942488600.0,57435,,,,,NO_ONS_DATA
JP,732,2020,81843833220,108042991400.0,51262,,,,,NO_ONS_DATA
JP,732,2021,74780710650,128648599500.0,57789,,,,,NO_ONS_DATA
JP,732,2022,91174356620,145020320600.0,58515,,,,,NO_ONS_DATA
JP,732,2023,99637308860,146696660400.0,58733,,,,,NO_ONS_DATA
JP,732,2024,87272458320,147097622200.0,57652,,,,,NO_ONS_DATA
KE,346,2018,4353542320,13190893600.0,2059,,,,,NO_ONS_DATA
KE,346,2019,3170360430,11341863300.0,1954,,,,,NO_ONS_DATA
KE,346,2020,3473147740,13822584500.0,1917,,,,,NO_ONS_DATA
KE,346,2021,4119411860,13857493500.0,2098,,,,,NO_ONS_DATA
KE,346,2022,4358607570,13336458500.0,2504,,,,,NO_ONS_DATA
KE,346,2023,4165377500,13080982300.0,2285,,,,,NO_ONS_DATA
KE,346,2024,4798604070,14297299100.0,2206,,,,,NO_ONS_DATA
KG,83,2018,5034786900,5609900.0,61,,,,,NO_ONS_DATA
KG,83,2019,6515715820,5055700.0,43,,,,,NO_ONS_DATA
KG,83,2020,7766355270,3277400.0,39,,,,,NO_ONS_DATA
KG,83,2021,1693175000,1331900.0,35,,,,,NO_ONS_DATA
KG,83,2022,11788910,4972100.0,43,,,,,NO_ONS_DATA
KG,83,2023,7601210,2697700.0,42,,,,,NO_ONS_DATA
KG,83,2024,9416165690,3768000.0,50,,,,,NO_ONS_DATA
KH,696,2018,8728913930,8295272300.0,7332,,,,,NO_ONS_DATA
KH,696,2019,8622337300,7153849500.0,7320,,,,,NO_ONS_DATA
KH,696,2020,6542666700,5737033300.0,5628,,,,,NO_ONS_DATA
KH,696,2021,5056483830,4723781900.0,6144,,,,,NO_ONS_DATA
KH,696,2022,7669651510,6460504700.0,6658,,,,,NO_ONS_DATA
KH,696,2023,6725490940,6702203600.0,6715,,,,,NO_ONS_DATA
KH,696,2024,7558391480,8790943600.0,7425,,,,,NO_ONS_DATA
KR,728,2018,41084075080,137503687200.0,31818,,,,,NO_ONS_DATA
KR,728,2019,41057134160,125315807700.0,32712,,,,,NO_ONS_DATA
KR,728,2020,38005636570,109016334100.0,29533,,,,,NO_ONS_DATA
KR,728,2021,46306059250,97165994400.0,31693,,,,,NO_ONS_DATA
KR,728,2022,59786015940,132852138800.0,32213,,,,,NO_ONS_DATA
KR,728,2023,59828352320,159672247200.0,31833,,,,,NO_ONS_DATA
KR,728,2024,55947660850,130341455900.0,33600,,,,,NO_ONS_DATA
KW,636,2018,5397894480,100501350100.0,784,,,,,NO_ONS_DATA
KW,636,2019,5829173160,114140284100.0,870,,,,,NO_ONS_DATA
KW,636,2020,2642026740,73188569800.0,704,,,,,NO_ONS_DATA
KW,636,2021,5230792750,108561963600.0,857,,,,,NO_ONS_DATA
KW,636,2022,18034784090,208055147200.0,1081,,,,,NO_ONS_DATA
KW,636,2023,28067905130,383186428200.0,916,,,,,NO_ONS_DATA
KW,636,2024,31224649620,489426439100.0,972,,,,,NO_ONS_DATA
KY,463,2018,7005860,3828100.0,52,,,,,NO_ONS_DATA
KY,463,2019,13207580,4940200.0,71,,,,,NO_ONS_DATA
KY,463,2020,23985460,7142400.0,77,,,,,NO_ONS_DATA
KY,463,2021,12953860,18491200.0,71,,,,,NO_ONS_DATA
KY,463,2022,33429440,58239600.0,108,,,,,NO_ONS_DATA
KY,463,2023,2652407320,94575400.0,122,,,,,NO_ONS_DATA
KY,463,2024,764144170,118526600.0,98,,,,,NO_ONS_DATA
KZ,79,2018,3490004900,3007964500.0,735,,,,,NO_ONS_DATA
KZ,79,2019,3620960380,1461896000.0,777,,,,,NO_ONS_DATA
KZ,79,2020,4993359310,1397033200.0,474,,,,,NO_ONS_DATA
KZ,79,2021,29723923990,3539191200.0,514,,,,,NO_ONS_DATA
KZ,79,2022,62931379040,88047605300.0,534,,,,,NO_ONS_DATA
KZ,79,2023,114596028740,21035789200.0,537,,,,,NO_ONS_DATA
KZ,79,2024,47578225170,47650338000.0,612,,,,,NO_ONS_DATA
LA,684,2018,107022140,124896500.0,363,,,,,NO_ONS_DATA
LA,684,2019,148664250,150135200.0,378,,,,,NO_ONS_DATA
LA,684,2020,138485970,149224400.0,350,,,,,NO_ONS_DATA
LA,684,2021,128864250,192062900.0,417,,,,,NO_ONS_DATA
LA,684,2022,86287980,100933500.0,303,,,,,NO_ONS_DATA
LA,684,2023,54703450,237624400.0,203,,,,,NO_ONS_DATA
LA,684,2024,66476260,267756700.0,258,,,,,NO_ONS_DATA
LB,604,2018,314550020,886682700.0,1818,,,,,NO_ONS_DATA
LB,604,2019,391067270,1008693800.0,1792,,,,,NO_ONS_DATA
LB,604,2020,458615490,865282100.0,1774,,,,,NO_ONS_DATA
LB,604,2021,396671750,968833200.0,2024,,,,,NO_ONS_DATA
LB,604,2022,387756520,759860400.0,2107,,,,,NO_ONS_DATA
LB,604,2023,405972040,1030214100.0,2229,,,,,NO_ONS_DATA
LB,604,2024,360710140,840209800.0,2201,,,,,NO_ONS_DATA
LC,465,2018,54424850,963575300.0,165,,,,,NO_ONS_DATA
LC,465,2019,53881300,1005303700.0,183,,,,,NO_ONS_DATA
LC,465,2020,35754560,434966200.0,173,,,,,NO_ONS_DATA
LC,465,2021,23513360,187327700.0,175,,,,,NO_ONS_DATA
LC,465,2022,18439700,92700800.0,169,,,,,NO_ONS_DATA
LC,465,2023,11653480,26589400.0,143,,,,,NO_ONS_DATA
LC,465,2024,16314770,33940500.0,167,,,,,NO_ONS_DATA
LI,37,2018,45599400,258168200.0,97,,,,,NO_ONS_DATA
LI,37,2019,52478600,241586000.0,139,,,,,NO_ONS_DATA
LI,37,2020,36330510,78097600.0,165,,,,,NO_ONS_DATA
LI,37,2021,238598170,234458200.0,1013,,,,,NO_ONS_DATA
LI,37,2022,301572690,517947000.0,1153,,,,,NO_ONS_DATA
LI,37,2023,152824510,67735200.0,646,,,,,NO_ONS_DATA
LI,37,2024,104070360,93143500.0,499,,,,,NO_ONS_DATA
LK,669,2018,6966589320,9689569100.0,10434,,,,,NO_ONS_DATA
LK,669,2019,7483693470,10099448500.0,10351,,,,,NO_ONS_DATA
LK,669,2020,6890875360,9501705800.0,9459,,,,,NO_ONS_DATA
LK,669,2021,5908259530,9859741300.0,10089,,,,,NO_ONS_DATA
LK,669,2022,7747880410,10312274000.0,10858,,,,,NO_ONS_DATA
LK,669,2023,5925490600,9305666900.0,9738,,,,,NO_ONS_DATA
LK,669,2024,5774670870,9672492500.0,10731,,,,,NO_ONS_DATA
LR,268,2018,72965770,10907564000.0,112,,,,,NO_ONS_DATA
LR,268,2019,16811240,42703200.0,81,,,,,NO_ONS_DATA
LR,268,2020,31721300,5658655500.0,15,,,,,NO_ONS_DATA
LR,268,2021,200407230,21218051700.0,66,,,,,NO_ONS_DATA
LR,268,2022,412902240,54856364800.0,107,,,,,NO_ONS_DATA
LR,268,2023,336775110,38108930100.0,152,,,,,NO_ONS_DATA
LR,268,2024,644321310,33569873200.0,187,,,,,NO_ONS_DATA
LT,55,2018,8464669070,101777402300.0,10881,,,,,NO_ONS_DATA
LT,55,2019,8500174270,112791629700.0,11203,,,,,NO_ONS_DATA
LT,55,2020,9114028310,81345085900.0,11244,,,,,NO_ONS_DATA
LT,55,2021,9570309560,99924939300.0,10096,,,,,NO_ONS_DATA
LT,55,2022,13507259140,79887830900.0,23764,,,,,NO_ONS_DATA
LT,55,2023,12768195700,82760811100.0,23036,,,,,NO_ONS_DATA
LT,55,2024,11856301080,80304109200.0,23507,,,,,NO_ONS_DATA
LU,18,2018,4136353180,23599752900.0,8444,,,,,NO_ONS_DATA
LU,18,2019,6038014350,25785119600.0,8645,,,,,NO_ONS_DATA
LU,18,2020,3927169120,24622844600.0,8461,,,,,NO_ONS_DATA
LU,18,2021,3082559380,18196491100.0,7300,,,,,NO_ONS_DATA
LU,18,2022,6831593150,19607119700.0,11305,,,,,NO_ONS_DATA
LU,18,2023,7160664110,20583235500.0,9737,,,,,NO_ONS_DATA
LU,18,2024,6596442570,15198014700.0,9056,,,,,NO_ONS_DATA
LV,54,2018,7674069380,236794636300.0,7116,,,,,NO_ONS_DATA
LV,54,2019,7691117600,231716663100.0,7168,,,,,NO_ONS_DATA
LV,54,2020,7313752480,238836609000.0,7318,,,,,NO_ONS_DATA
LV,54,2021,10860841100,295186305900.0,6655,,,,,NO_ONS_DATA
LV,54,2022,10996262220,233890708500.0,11665,,,,,NO_ONS_DATA
LV,54,2023,8371197750,163178959300.0,11140,,,,,NO_ONS_DATA
LV,54,2024,9462033650,215411265900.0,11370,,,,,NO_ONS_DATA
LY,216,2018,6254810660,150781047000.0,77,,,,,NO_ONS_DATA
LY,216,2019,1986597280,51029783600.0,57,,,,,NO_ONS_DATA
LY,216,2020,700734270,21207009600.0,51,,,,,NO_ONS_DATA
LY,216,2021,11271296420,298916717400.0,89,,,,,NO_ONS_DATA
LY,216,2022,13132305340,212664741000.0,122,,,,,NO_ONS_DATA
LY,216,2023,12444871470,244406585800.0,96,,,,,NO_ONS_DATA
LY,216,2024,21954831190,443663645000.0,120,,,,,NO_ONS_DATA
MA,204,2018,6832085230,35032499200.0,4796,,,,,NO_ONS_DATA
MA,204,2019,6536493040,31324152000.0,4524,,,,,NO_ONS_DATA
MA,204,2020,5761568110,39900413300.0,4109,,,,,NO_ONS_DATA
MA,204,2021,9761431710,49440364900.0,5565,,,,,NO_ONS_DATA
MA,204,2022,12392349620,45347206800.0,7152,,,,,NO_ONS_DATA
MA,204,2023,14248097960,51229706900.0,7454,,,,,NO_ONS_DATA
MA,204,2024,15918461520,60633556600.0,7510,,,,,NO_ONS_DATA
MD,74,2018,439241940,719790800.0,610,,,,,NO_ONS_DATA
MD,74,2019,337914620,782039200.0,706,,,,,NO_ONS_DATA
MD,74,2020,321505840,1079210200.0,631,,,,,NO_ONS_DATA
MD,74,2021,427934000,1030528200.0,814,,,,,NO_ONS_DATA
MD,74,2022,431861260,927050000.0,878,,,,,NO_ONS_DATA
MD,74,2023,397754910,695203800.0,710,,,,,NO_ONS_DATA
MD,74,2024,230235860,812481000.0,628,,,,,NO_ONS_DATA
ME,97,2018,61226390,238937400.0,72,,,,,NO_ONS_DATA
ME,97,2019,67334710,167441800.0,95,,,,,NO_ONS_DATA
ME,97,2020,30345730,157942700.0,66,,,,,NO_ONS_DATA
ME,97,2021,30198830,38703300.0,94,,,,,NO_ONS_DATA
ME,97,2022,78230570,40092700.0,110,,,,,NO_ONS_DATA
ME,97,2023,21842940,16997000.0,83,,,,,NO_ONS_DATA
ME,97,2024,22628930,41195800.0,100,,,,,NO_ONS_DATA
MG,370,2018,310059640,234671200.0,600,,,,,NO_ONS_DATA
MG,370,2019,337495440,244004200.0,654,,,,,NO_ONS_DATA
MG,370,2020,265488320,298450800.0,507,,,,,NO_ONS_DATA
MG,370,2021,247065940,368743200.0,533,,,,,NO_ONS_DATA
MG,370,2022,434222940,413172100.0,702,,,,,NO_ONS_DATA
MG,370,2023,392418240,272513200.0,627,,,,,NO_ONS_DATA
MG,370,2024,263572560,294036400.0,682,,,,,NO_ONS_DATA
MH,824,2018,13604780,15588300.0,38,,,,,NO_ONS_DATA
MH,824,2019,23269310,94944300.0,71,,,,,NO_ONS_DATA
MH,824,2020,10722900,67659900.0,30,,,,,NO_ONS_DATA
MH,824,2021,15854990,26002900.0,32,,,,,NO_ONS_DATA
MH,824,2022,29813800,156302700.0,69,,,,,NO_ONS_DATA
MH,824,2023,12417900,24300100.0,35,,,,,NO_ONS_DATA
MH,824,2024,10404500,19387000.0,62,,,,,NO_ONS_DATA
MK,96,2018,825983340,1834152600.0,1205,,,,,NO_ONS_DATA
MK,96,2019,1148483690,1486889100.0,1176,,,,,NO_ONS_DATA
MK,96,2020,1246126750,1332656200.0,1088,,,,,NO_ONS_DATA
MK,96,2021,1473071530,1445207100.0,1186,,,,,NO_ONS_DATA
MK,96,2022,1131361320,1181497800.0,1322,,,,,NO_ONS_DATA
MK,96,2023,679876380,833859400.0,1387,,,,,NO_ONS_DATA
MK,96,2024,706125790,817887100.0,1268,,,,,NO_ONS_DATA
ML,232,2018,10715550,87643300.0,34,,,,,NO_ONS_DATA
ML,232,2019,643233880,63677200.0,85,,,,,NO_ONS_DATA
ML,232,2020,7637010,41860400.0,40,,,,,NO_ONS_DATA
ML,232,2021,17338640,59914700.0,74,,,,,NO_ONS_DATA
ML,232,2022,13544180,104373900.0,54,,,,,NO_ONS_DATA
ML,232,2023,6282100,58100800.0,51,,,,,NO_ONS_DATA
ML,232,2024,2659720,14999500.0,30,,,,,NO_ONS_DATA
MM,676,2018,2678359430,7967321600.0,3017,,,,,NO_ONS_DATA
MM,676,2019,3304977490,9711681900.0,3202,,,,,NO_ONS_DATA
MM,676,2020,2685378630,8123217500.0,3087,,,,,NO_ONS_DATA
MM,676,2021,2517727420,4826312100.0,3037,,,,,NO_ONS_DATA
MM,676,2022,4352367290,6066576900.0,3349,,,,,NO_ONS_DATA
MM,676,2023,3155144710,8189880700.0,3300,,,,,NO_ONS_DATA
MM,676,2024,2002101670,8338207400.0,2874,,,,,NO_ONS_DATA
MN,716,2018,57296810,9886700.0,232,,,,,NO_ONS_DATA
MN,716,2019,87672520,103394800.0,349,,,,,NO_ONS_DATA
MN,716,2020,43865250,47903100.0,209,,,,,NO_ONS_DATA
MN,716,2021,49688240,51001600.0,169,,,,,NO_ONS_DATA
MN,716,2022,97602450,79688300.0,220,,,,,NO_ONS_DATA
MN,716,2023,88248320,27368800.0,317,,,,,NO_ONS_DATA
MN,716,2024,49181260,3568300.0,334,,,,,NO_ONS_DATA
MO,743,2018,115573900,199998500.0,336,,,,,NO_ONS_DATA
MO,743,2019,119049470,253806900.0,296,,,,,NO_ONS_DATA
MO,743,2020,135118910,606905300.0,253,,,,,NO_ONS_DATA
MO,743,2021,153721790,235731500.0,358,,,,,NO_ONS_DATA
MO,743,2022,193837980,142461700.0,475,,,,,NO_ONS_DATA
MO,743,2023,123348050,135997300.0,422,,,,,NO_ONS_DATA
MO,743,2024,136417390,206149200.0,398,,,,,NO_ONS_DATA
MR,228,2018,18652830,60370300.0,63,,,,,NO_ONS_DATA
MR,228,2019,27296310,2317191200.0,43,,,,,NO_ONS_DATA
MR,228,2020,78076610,3362364400.0,116,,,,,NO_ONS_DATA
MR,228,2021,266938400,24882290800.0,16,,,,,NO_ONS_DATA
MR,228,2022,329621460,35917585300.0,63,,,,,NO_ONS_DATA
MR,228,2023,299265850,24306369400.0,191,,,,,NO_ONS_DATA
MR,228,2024,201658100,24777180100.0,60,,,,,NO_ONS_DATA
MT,46,2018,1116098710,15020753800.0,4838,,,,,NO_ONS_DATA
MT,46,2019,848543550,8037893000.0,4653,,,,,NO_ONS_DATA
MT,46,2020,588996410,3316563100.0,5315,,,,,NO_ONS_DATA
MT,46,2021,779004580,2604712100.0,4468,,,,,NO_ONS_DATA
MT,46,2022,2211134760,2027421600.0,2967,,,,,NO_ONS_DATA
MT,46,2023,1612702180,3581062500.0,2914,,,,,NO_ONS_DATA
MT,46,2024,2099933910,2510162500.0,2742,,,,,NO_ONS_DATA
MU,373,2018,1414369650,3816730300.0,1946,,,,,NO_ONS_DATA
MU,373,2019,1247440230,5062716600.0,1858,,,,,NO_ONS_DATA
MU,373,2020,911994080,4358924200.0,1423,,,,,NO_ONS_DATA
MU,373,2021,832628440,3572780000.0,1507,,,,,NO_ONS_DATA
MU,373,2022,1237028880,4157587800.0,1533,,,,,NO_ONS_DATA
MU,373,2023,1137139440,4453422600.0,1351,,,,,NO_ONS_DATA
MU,373,2024,1078632980,4361880000.0,1199,,,,,NO_ONS_DATA
MV,667,2018,141314490,312441800.0,126,,,,,NO_ONS_DATA
MV,667,2019,97139130,201220500.0,139,,,,,NO_ONS_DATA
MV,667,2020,78956690,185003500.0,112,,,,,NO_ONS_DATA
MV,667,2021,93051310,224700600.0,139,,,,,NO_ONS_DATA
MV,667,2022,115587870,282679400.0,141,,,,,NO_ONS_DATA
MV,667,2023,209598730,466592300.0,186,,,,,NO_ONS_DATA
MV,667,2024,230329890,419200900.0,676,,,,,NO_ONS_DATA
MW,386,2018,135198320,940485400.0,127,,,,,NO_ONS_DATA
MW,386,2019,164853910,1128411000.0,136,,,,,NO_ONS_DATA
MW,386,2020,228625000,1583484600.0,125,,,,,NO_ONS_DATA
MW,386,2021,117762200,789760600.0,104,,,,,NO_ONS_DATA
MW,386,2022,213301190,2016958400.0,87,,,,,NO_ONS_DATA
MW,386,2023,66910510,416124200.0,61,,,,,NO_ONS_DATA
MW,386,2024,39521180,243775200.0,59,,,,,NO_ONS_DATA
MX,412,2018,16695376630,36745998700.0,9312,,,,,NO_ONS_DATA
MX,412,2019,22000750430,36212296700.0,9795,,,,,NO_ONS_DATA
MX,412,2020,20431649610,32089814000.0,8419,,,,,NO_ONS_DATA
MX,412,2021,21079435860,19907026500.0,9143,,,,,NO_ONS_DATA
MX,412,2022,21733668850,13211303300.0,9238,,,,,NO_ONS_DATA
MX,412,2023,23523851000,13736476800.0,9370,,,,,NO_ONS_DATA
MX,412,2024,24374580160,14968753700.0,8684,,,,,NO_ONS_DATA
MY,701,2018,20009681540,50203271700.0,22352,,,,,NO_ONS_DATA
MY,701,2019,20020481820,70829391600.0,22687,,,,,NO_ONS_DATA
MY,701,2020,18827955400,63058342600.0,19726,,,,,NO_ONS_DATA
MY,701,2021,20693812680,68424254900.0,20700,,,,,NO_ONS_DATA
MY,701,2022,21349376680,46380907200.0,21448,,,,,NO_ONS_DATA
MY,701,2023,17825205760,39686904000.0,20595,,,,,NO_ONS_DATA
MY,701,2024,17251080410,40024456600.0,20274,,,,,NO_ONS_DATA
MZ,366,2018,1049533840,8496619800.0,229,,,,,NO_ONS_DATA
MZ,366,2019,298052580,4448576800.0,148,,,,,NO_ONS_DATA
MZ,366,2020,87116620,1986909200.0,144,,,,,NO_ONS_DATA
MZ,366,2021,232848800,6044473500.0,157,,,,,NO_ONS_DATA
MZ,366,2022,369155520,12433184400.0,211,,,,,NO_ONS_DATA
MZ,366,2023,147722200,6143270800.0,130,,,,,NO_ONS_DATA
MZ,366,2024,140249520,4161596900.0,116,,,,,NO_ONS_DATA
NC,809,2018,68944590,27865900.0,49,,,,,NO_ONS_DATA
NC,809,2019,83868320,66960100.0,47,,,,,NO_ONS_DATA
NC,809,2020,29112990,33522400.0,28,,,,,NO_ONS_DATA
NC,809,2021,2982430,2831200.0,32,,,,,NO_ONS_DATA
NC,809,2022,3479540,4316100.0,38,,,,,NO_ONS_DATA
NC,809,2023,3579000,1221000.0,24,,,,,NO_ONS_DATA
NC,809,2024,4069850,1588900.0,30,,,,,NO_ONS_DATA
NE,240,2018,16643310,9015100.0,21,,,,,NO_ONS_DATA
NE,240,2019,5438520,611800.0,19,,,,,NO_ONS_DATA
NE,240,2020,638050,2398100.0,11,,,,,NO_ONS_DATA
NE,240,2021,31583390,32209600.0,71,,,,,NO_ONS_DATA
NE,240,2022,18411680,58057100.0,60,,,,,NO_ONS_DATA
NE,240,2023,1320120,318500.0,17,,,,,NO_ONS_DATA
NE,240,2024,17688050,120187000.0,30,,,,,NO_ONS_DATA
NG,288,2018,24091684380,565099105000.0,1518,,,,,NO_ONS_DATA
NG,288,2019,14216438920,350377166300.0,1639,,,,,NO_ONS_DATA
NG,288,2020,10428128010,358006132500.0,1476,,,,,NO_ONS_DATA
NG,288,2021,9081850560,226724555400.0,1719,,,,,NO_ONS_DATA
NG,288,2022,19924906150,258079984100.0,1882,,,,,NO_ONS_DATA
NG,288,2023,19417798390,341762533400.0,2158,,,,,NO_ONS_DATA
NG,288,2024,12025261170,241590733800.0,2491,,,,,NO_ONS_DATA
NI,432,2018,421948410,6752608500.0,219,,,,,NO_ONS_DATA
NI,432,2019,404084550,3131431700.0,209,,,,,NO_ONS_DATA
NI,432,2020,575469760,5613571500.0,210,,,,,NO_ONS_DATA
NI,432,2021,513873250,5721112700.0,263,,,,,NO_ONS_DATA
NI,432,2022,578621530,6301088500.0,266,,,,,NO_ONS_DATA
NI,432,2023,769505210,7278415000.0,228,,,,,NO_ONS_DATA
NI,432,2024,704769330,8338029900.0,282,,,,,NO_ONS_DATA
NL,3,2018,417061235780,2175979475600.0,64889,,,,,NO_ONS_DATA
NL,3,2019,425340607630,2063887783000.0,65060,,,,,NO_ONS_DATA
NL,3,2020,358569390070,1637024189600.0,62775,,,,,NO_ONS_DATA
NL,3,2021,300934400470,1785105867400.0,59206,,,,,NO_ONS_DATA
NL,3,2022,543114652800,2369949297500.0,618035,,,,,NO_ONS_DATA
NL,3,2023,515913762750,2305310593000.0,610393,,,,,NO_ONS_DATA
NL,3,2024,475150235750,2358298479800.0,601184,,,,,NO_ONS_DATA
NO,28,2018,201037347240,5464266460100.0,26879,,,,,NO_ONS_DATA
NO,28,2019,158609415880,5080033798000.0,29898,,,,,NO_ONS_DATA
NO,28,2020,109879369080,4777798079200.0,25255,,,,,NO_ONS_DATA
NO,28,2021,270823284790,5675526035100.0,27411,,,,,NO_ONS_DATA
NO,28,2022,441369693450,5742904039800.0,30433,,,,,NO_ONS_DATA
NO,28,2023,267094033390,5206111653500.0,34208,,,,,NO_ONS_DATA
NO,28,2024,235488445480,5197052664600.0,33941,,,,,NO_ONS_DATA
NP,672,2018,190461810,128131800.0,1545,,,,,NO_ONS_DATA
NP,672,2019,162428540,127102000.0,1451,,,,,NO_ONS_DATA
NP,672,2020,111765220,53096700.0,947,,,,,NO_ONS_DATA
NP,672,2021,130307160,63335200.0,1183,,,,,NO_ONS_DATA
NP,672,2022,154223790,69066400.0,1292,,,,,NO_ONS_DATA
NP,672,2023,162021610,75077700.0,1355,,,,,NO_ONS_DATA
NP,672,2024,160725630,87119500.0,1468,,,,,NO_ONS_DATA
NU,923,2018,232760,820300.0,3,,,,,LOW_SAMPLE_SIZE
NU,923,2019,439790,390000.0,1,,,,,LOW_SAMPLE_SIZE
NU,923,2022,7791300,169104000.0,6,,,,,LOW_SAMPLE_SIZE
NZ,804,2018,8929948170,23163645500.0,8785,,,,,NO_ONS_DATA
NZ,804,2019,8683258200,22956415700.0,8677,,,,,NO_ONS_DATA
NZ,804,2020,8568781000,21355531300.0,7427,,,,,NO_ONS_DATA
NZ,804,2021,7482423490,18208190800.0,7938,,,,,NO_ONS_DATA
NZ,804,2022,7784508410,15070215800.0,7310,,,,,NO_ONS_DATA
NZ,804,2023,7580875090,15291187300.0,7428,,,,,NO_ONS_DATA
NZ,804,2024,8207133480,20016675400.0,7964,,,,,NO_ONS_DATA
OM,649,2018,1865748990,3295039500.0,1886,,,,,NO_ONS_DATA
OM,649,2019,2342861200,14081807800.0,1828,,,,,NO_ONS_DATA
OM,649,2020,1657975690,12765038000.0,1319,,,,,NO_ONS_DATA
OM,649,2021,1403132170,4412928700.0,1271,,,,,NO_ONS_DATA
OM,649,2022,1858219680,4219984500.0,1215,,,,,NO_ONS_DATA
OM,649,2023,2302205400,3193677300.0,1343,,,,,NO_ONS_DATA
OM,649,2024,2867978810,16506685100.0,1208,,,,,NO_ONS_DATA
PA,442,2018,269050890,3034602200.0,486,,,,,NO_ONS_DATA
PA,442,2019,326940860,3554296900.0,550,,,,,NO_ONS_DATA
PA,442,2020,286723900,3474849800.0,327,,,,,NO_ONS_DATA
PA,442,2021,429869760,4068855900.0,491,,,,,NO_ONS_DATA
PA,442,2022,533724610,5020653500.0,689,,,,,NO_ONS_DATA
PA,442,2023,333343270,3501987900.0,480,,,,,NO_ONS_DATA
PA,442,2024,374394180,6501170800.0,611,,,,,NO_ONS_DATA
PE,504,2018,3914745010,22660592300.0,2393,,,,,NO_ONS_DATA
PE,504,2019,4645234590,38984959900.0,2359,,,,,NO_ONS_DATA
PE,504,2020,3864450230,16955962900.0,2091,,,,,NO_ONS_DATA
PE,504,2021,6120373430,37256647800.0,2330,,,,,NO_ONS_DATA
PE,504,2022,29531138700,235686289300.0,2251,,,,,NO_ONS_DATA
PE,504,2023,12831479460,157450231300.0,1962,,,,,NO_ONS_DATA
PE,504,2024,6345876940,48484546000.0,2044,,,,,NO_ONS_DATA
PF,822,2018,1499730,859600.0,18,,,,,NO_ONS_DATA
PF,822,2019,3528820,425300.0,38,,,,,NO_ONS_DATA
PF,822,2020,429730,89500.0,15,,,,,NO_ONS_DATA
PF,822,2021,1638500,129100.0,21,,,,,NO_ONS_DATA
PF,822,2022,10862240,2456400.0,26,,,,,NO_ONS_DATA
PF,822,2023,2909480,545500.0,24,,,,,NO_ONS_DATA
PF,822,2024,829640,71800.0,15,,,,,NO_ONS_DATA
PG,801,2018,760836570,11854826200.0,140,,,,,NO_ONS_DATA
PG,801,2019,757804010,13290112500.0,125,,,,,NO_ONS_DATA
PG,801,2020,848965260,13023668600.0,113,,,,,NO_ONS_DATA
PG,801,2021,1182871500,13548249100.0,147,,,,,NO_ONS_DATA
PG,801,2022,1904382870,14988527800.0,159,,,,,NO_ONS_DATA
PG,801,2023,1679550820,19229019900.0,154,,,,,NO_ONS_DATA
PG,801,2024,1494453610,18205872100.0,127,,,,,NO_ONS_DATA
PH,708,2018,5766197830,9090546200.0,7812,,,,,NO_ONS_DATA
PH,708,2019,5077380370,8251165900.0,7944,,,,,NO_ONS_DATA
PH,708,2020,3781222280,7636462300.0,6518,,,,,NO_ONS_DATA
PH,708,2021,5003530340,7689992900.0,7226,,,,,NO_ONS_DATA
PH,708,2022,33751953210,7278165000.0,8115,,,,,NO_ONS_DATA
PH,708,2023,9012385060,6612569100.0,8070,,,,,NO_ONS_DATA
PH,708,2024,5460509190,7982952800.0,8268,,,,,NO_ONS_DATA
PK,662,2018,12703906670,41141771700.0,17559,,,,,NO_ONS_DATA
PK,662,2019,13113257780,37659458700.0,18276,,,,,NO_ONS_DATA
PK,662,2020,12368573940,41462353500.0,17884,,,,,NO_ONS_DATA
PK,662,2021,14898475730,48611280400.0,20147,,,,,NO_ONS_DATA
PK,662,2022,17022007660,44835465800.0,19763,,,,,NO_ONS_DATA
PK,662,2023,15498687510,46259335400.0,19463,,,,,NO_ONS_DATA
PK,662,2024,15334571460,49325369000.0,20071,,,,,NO_ONS_DATA
PL,60,2018,107848015420,391094871300.0,43502,,,,,NO_ONS_DATA
PL,60,2019,112467936720,380154970000.0,46573,,,,,NO_ONS_DATA
PL,60,2020,107763480610,376315176800.0,49756,,,,,NO_ONS_DATA
PL,60,2021,100707307260,409804454100.0,45531,,,,,NO_ONS_DATA
PL,60,2022,119213519840,398144514500.0,141853,,,,,NO_ONS_DATA
PL,60,2023,130620573050,441496566400.0,141203,,,,,NO_ONS_DATA
PL,60,2024,133780955230,461509209600.0,145837,,,,,NO_ONS_DATA
PS,625,2018,17132900,34930200.0,26,,,,,NO_ONS_DATA
PS,625,2019,17949470,28681700.0,29,,,,,NO_ONS_DATA
PS,625,2020,37370410,64947800.0,34,,,,,NO_ONS_DATA
PS,625,2021,44020230,86832700.0,55,,,,,NO_ONS_DATA
PS,625,2022,31324530,61857400.0,39,,,,,NO_ONS_DATA
PS,625,2023,19211110,31846000.0,26,,,,,NO_ONS_DATA
PS,625,2024,33317170,54544900.0,35,,,,,NO_ONS_DATA
PT,10,2018,31005475820,177099515200.0,19504,,,,,NO_ONS_DATA
PT,10,2019,32048532050,174292036300.0,19852,,,,,NO_ONS_DATA
PT,10,2020,24569025260,169977986200.0,19681,,,,,NO_ONS_DATA
PT,10,2021,26087216310,174157894800.0,16882,,,,,NO_ONS_DATA
PT,10,2022,34819846210,237157802200.0,47994,,,,,NO_ONS_DATA
PT,10,2023,31585654470,175168730000.0,46718,,,,,NO_ONS_DATA
PT,10,2024,31351380200,199584253900.0,46545,,,,,NO_ONS_DATA
PW,825,2018,294450,1228000.0,3,,,,,LOW_SAMPLE_SIZE
PW,825,2019,30794970,34998500.0,1,,,,,LOW_SAMPLE_SIZE
PW,825,2023,56670,249600.0,1,,,,,LOW_SAMPLE_SIZE
PY,520,2018,240290810,4886152900.0,155,,,,,NO_ONS_DATA
PY,520,2019,254745430,5928113100.0,132,,,,,NO_ONS_DATA
PY,520,2020,118285110,1773430400.0,121,,,,,NO_ONS_DATA
PY,520,2021,187539120,3721106800.0,151,,,,,NO_ONS_DATA
PY,520,2022,286511690,3689968600.0,182,,,,,NO_ONS_DATA
PY,520,2023,239152280,3604397300.0,184,,,,,NO_ONS_DATA
PY,520,2024,210962440,2619709900.0,177,,,,,NO_ONS_DATA
QA,644,2018,13356128040,273716210500.0,2494,,,,,NO_ONS_DATA
QA,644,2019,21878100050,716035477200.0,2970,,,,,NO_ONS_DATA
QA,644,2020,14189084110,729419686900.0,2339,,,,,NO_ONS_DATA
QA,644,2021,20663937860,421941096900.0,2220,,,,,NO_ONS_DATA
QA,644,2022,76082670780,562721920000.0,2660,,,,,NO_ONS_DATA
QA,644,2023,21768393330,244436092700.0,3073,,,,,NO_ONS_DATA
QA,644,2024,6482587490,71377823800.0,3176,,,,,NO_ONS_DATA
RO,66,2018,24106007230,125067447700.0,17963,,,,,NO_ONS_DATA
RO,66,2019,20376715950,44928965100.0,18289,,,,,NO_ONS_DATA
RO,66,2020,14890889930,43895705800.0,17651,,,,,NO_ONS_DATA
RO,66,2021,18202775190,33824412100.0,15594,,,,,NO_ONS_DATA
RO,66,2022,27691608020,71276752300.0,29987,,,,,NO_ONS_DATA
RO,66,2023,32960117780,65198308000.0,30421,,,,,NO_ONS_DATA
RO,66,2024,33274729470,95337564400.0,30472,,,,,NO_ONS_DATA
RU,75,2018,71802275540,1696153378300.0,6842,,,,,NO_ONS_DATA
RU,75,2019,111694797390,1591637609400.0,7235,,,,,NO_ONS_DATA
RU,75,2020,190424284500,1486564368100.0,6695,,,,,NO_ONS_DATA
RU,75,2021,181627756780,1436445372700.0,8016,,,,,NO_ONS_DATA
RU,75,2022,43719489950,445956606500.0,3085,,,,,NO_ONS_DATA
RU,75,2023,682401100,2746859000.0,591,,,,,NO_ONS_DATA
RU,75,2024,709193780,238121400.0,364,,,,,NO_ONS_DATA
RW,324,2018,61107390,124635600.0,187,,,,,NO_ONS_DATA
RW,324,2019,66092380,174418700.0,224,,,,,NO_ONS_DATA
RW,324,2020,91315020,228863500.0,226,,,,,NO_ONS_DATA
RW,324,2021,79906990,227801800.0,176,,,,,NO_ONS_DATA
RW,324,2022,168480510,415129800.0,220,,,,,NO_ONS_DATA
RW,324,2023,95367680,232207400.0,192,,,,,NO_ONS_DATA
RW,324,2024,110973370,303464700.0,219,,,,,NO_ONS_DATA
SA,632,2018,25620574670,380916057600.0,5145,,,,,NO_ONS_DATA
SA,632,2019,25934222900,418611601800.0,5201,,,,,NO_ONS_DATA
SA,632,2020,13141965540,223675668600.0,4451,,,,,NO_ONS_DATA
SA,632,2021,14053993920,174733404100.0,4398,,,,,NO_ONS_DATA
SA,632,2022,35713796570,279189392600.0,4585,,,,,NO_ONS_DATA
SA,632,2023,27480027290,228048447700.0,4995,,,,,NO_ONS_DATA
SA,632,2024,18076704660,146564618800.0,5192,,,,,NO_ONS_DATA
SB,806,2018,5987470,10750800.0,26,,,,,NO_ONS_DATA
SB,806,2019,6059250,13795100.0,23,,,,,NO_ONS_DATA
SB,806,2020,1171660,3200200.0,4,,,,,LOW_SAMPLE_SIZE
SB,806,2021,36004200,404417700.0,24,,,,,NO_ONS_DATA
SB,806,2022,141052940,1292584700.0,13,,,,,NO_ONS_DATA
SB,806,2023,1954970,1891400.0,9,,,,,LOW_SAMPLE_SIZE
SB,806,2024,17611970,208335500.0,9,,,,,LOW_SAMPLE_SIZE
SC,355,2018,671359250,1636801400.0,202,,,,,NO_ONS_DATA
SC,355,2019,632756910,1447382000.0,206,,,,,NO_ONS_DATA
SC,355,2020,555098840,1384091300.0,177,,,,,NO_ONS_DATA
SC,355,2021,746999320,8322065000.0,237,,,,,NO_ONS_DATA
SC,355,2022,591939440,1384357100.0,244,,,,,NO_ONS_DATA
SC,355,2023,540504070,1166337600.0,258,,,,,NO_ONS_DATA
SC,355,2024,542252120,1114840300.0,274,,,,,NO_ONS_DATA
SD,224,2018,90413070,922874800.0,99,,,,,NO_ONS_DATA
SD,224,2019,153030940,393973100.0,91,,,,,NO_ONS_DATA
SD,224,2020,78303870,431514700.0,88,,,,,NO_ONS_DATA
SD,224,2021,83838550,435997300.0,126,,,,,NO_ONS_DATA
SD,224,2022,95852870,484258900.0,111,,,,,NO_ONS_DATA
SD,224,2023,84983050,401054000.0,67,,,,,NO_ONS_DATA
SD,224,2024,98350960,492328800.0,39,,,,,NO_ONS_DATA
SE,30,2018,71286336810,901391919400.0,35036,,,,,NO_ONS_DATA
SE,30,2019,65274676170,723227712600.0,34650,,,,,NO_ONS_DATA
SE,30,2020,58572126610,625879853200.0,31515,,,,,NO_ONS_DATA
SE,30,2021,62626364760,558550625200.0,29134,,,,,NO_ONS_DATA
SE,30,2022,81967725870,538090711300.0,95871,,,,,NO_ONS_DATA
SE,30,2023,80342468650,479310076300.0,97662,,,,,NO_ONS_DATA
SE,30,2024,77926414570,469539652400.0,96847,,,,,NO_ONS_DATA
SG,706,2018,22742782260,30507642100.0,24307,,,,,NO_ONS_DATA
SG,706,2019,33427858400,56976566300.0,24273,,,,,NO_ONS_DATA
SG,706,2020,32375344030,27309402000.0,21576,,,,,NO_ONS_DATA
SG,706,2021,24327024990,21888424700.0,22725,,,,,NO_ONS_DATA
SG,706,2022,28687104940,20660271900.0,24792,,,,,NO_ONS_DATA
SG,706,2023,27790817760,31737508800.0,23881,,,,,NO_ONS_DATA
SG,706,2024,35618224000,20497456200.0,24052,,,,,NO_ONS_DATA
SH,329,2018,9993180,11731600.0,63,,,,,NO_ONS_DATA
SH,329,2019,3495430,3476900.0,29,,,,,NO_ONS_DATA
SH,329,2020,11844620,10555400.0,30,,,,,NO_ONS_DATA
SH,329,2021,8750430,157816000.0,38,,,,,NO_ONS_DATA
SH,329,2022,5571250,8678400.0,42,,,,,NO_ONS_DATA
SH,329,2023,6345580,1725500.0,37,,,,,NO_ONS_DATA
SH,329,2024,25098790,11382200.0,25,,,,,NO_ONS_DATA
SI,91,2018,4215636230,10975424200.0,8580,,,,,NO_ONS_DATA
SI,91,2019,4411780110,10682021300.0,8594,,,,,NO_ONS_DATA
SI,91,2020,3879960710,11576802400.0,7970,,,,,NO_ONS_DATA
SI,91,2021,4242004350,14021343700.0,7617,,,,,NO_ONS_DATA
SI,91,2022,7085574150,13540761100.0,12594,,,,,NO_ONS_DATA
SI,91,2023,6636138110,10460534400.0,11876,,,,,NO_ONS_DATA
SI,91,2024,7111386610,10976870400.0,11978,,,,,NO_ONS_DATA
SK,63,2018,23504440500,35073526500.0,14398,,,,,NO_ONS_DATA
SK,63,2019,25867687510,36015999100.0,17152,,,,,NO_ONS_DATA
SK,63,2020,23941889170,30810835000.0,19568,,,,,NO_ONS_DATA
SK,63,2021,22155828820,30548063800.0,16152,,,,,NO_ONS_DATA
SK,63,2022,19149423610,33185354200.0,17888,,,,,NO_ONS_DATA
SK,63,2023,23716306010,26956761200.0,18562,,,,,NO_ONS_DATA
SK,63,2024,21892984480,25188988900.0,19464,,,,,NO_ONS_DATA
SL,264,2018,14950350,51772400.0,78,,,,,NO_ONS_DATA
SL,264,2019,13581990,32216800.0,82,,,,,NO_ONS_DATA
SL,264,2020,8093720,31328100.0,67,,,,,NO_ONS_DATA
SL,264,2021,31712700,97828200.0,181,,,,,NO_ONS_DATA
SL,264,2022,49117770,151271400.0,171,,,,,NO_ONS_DATA
SL,264,2023,69331080,334966700.0,209,,,,,NO_ONS_DATA
SL,264,2024,56546250,150083100.0,146,,,,,NO_ONS_DATA
SM,47,2018,41886960,43665900.0,207,,,,,NO_ONS_DATA
SM,47,2019,44775130,45273100.0,191,,,,,NO_ONS_DATA
SM,47,2020,48802540,51565300.0,188,,,,,NO_ONS_DATA
SM,47,2021,75028980,181000400.0,171,,,,,NO_ONS_DATA
SM,47,2022,66321750,102652800.0,211,,,,,NO_ONS_DATA
SM,47,2023,76477740,174660800.0,237,,,,,NO_ONS_DATA
SM,47,2024,82873050,181807400.0,292,,,,,NO_ONS_DATA
SN,248,2018,417171440,9642466500.0,334,,,,,NO_ONS_DATA
SN,248,2019,444036830,11395062800.0,328,,,,,NO_ONS_DATA
SN,248,2020,460470390,10934123000.0,311,,,,,NO_ONS_DATA
SN,248,2021,512610930,10537057700.0,293,,,,,NO_ONS_DATA
SN,248,2022,539258890,10252341100.0,366,,,,,NO_ONS_DATA
SN,248,2023,611051300,11004224000.0,637,,,,,NO_ONS_DATA
SN,248,2024,620832450,9654052800.0,561,,,,,NO_ONS_DATA
SO,342,2018,4963260,20874500.0,20,,,,,NO_ONS_DATA
SO,342,2019,5887060,15461400.0,22,,,,,NO_ONS_DATA
SO,342,2020,10622270,12877000.0,21,,,,,NO_ONS_DATA
SO,342,2021,9465840,23474800.0,33,,,,,NO_ONS_DATA
SO,342,2022,6398160,23861800.0,28,,,,,NO_ONS_DATA
SO,342,2023,9130270,11549400.0,27,,,,,NO_ONS_DATA
SO,342,2024,6599400,9225100.0,41,,,,,NO_ONS_DATA
SR,492,2018,12780170,104627200.0,42,,,,,NO_ONS_DATA
SR,492,2019,6961010,47861000.0,30,,,,,NO_ONS_DATA
SR,492,2020,8736240,141995400.0,42,,,,,NO_ONS_DATA
SR,492,2021,16578070,84546700.0,60,,,,,NO_ONS_DATA
SR,492,2022,11463320,43218700.0,59,,,,,NO_ONS_DATA
SR,492,2023,20403310,87759400.0,43,,,,,NO_ONS_DATA
SR,492,2024,11992030,165207100.0,29,,,,,NO_ONS_DATA
ST,311,2018,10030,17000400.0,2,,,,,LOW_SAMPLE_SIZE
ST,311,2019,70040,1463000.0,6,,,,,LOW_SAMPLE_SIZE
ST,311,2020,4962520,198463000.0,4,,,,,LOW_SAMPLE_SIZE
ST,311,2021,861910,988100.0,13,,,,,NO_ONS_DATA
ST,311,2022,16033650,3636600.0,11,,,,,NO_ONS_DATA
ST,311,2023,364260,502500.0,3,,,,,LOW_SAMPLE_SIZE
ST,311,2024,616210,2632500.0,8,,,,,LOW_SAMPLE_SIZE
SV,428,2018,136633660,2698319800.0,215,,,,,NO_ONS_DATA
SV,428,2019,136729030,3884874200.0,223,,,,,NO_ONS_DATA
SV,428,2020,106390280,1541498600.0,172,,,,,NO_ONS_DATA
SV,428,2021,95356600,1080248100.0,247,,,,,NO_ONS_DATA
SV,428,2022,170519940,1330441000.0,280,,,,,NO_ONS_DATA
SV,428,2023,215705660,1603845100.0,303,,,,,NO_ONS_DATA
SV,428,2024,141116570,936008800.0,227,,,,,NO_ONS_DATA
SY,608,2018,53443350,501889600.0,167,,,,,NO_ONS_DATA
SY,608,2019,51791410,533284900.0,192,,,,,NO_ONS_DATA
SY,608,2020,13239000,166304200.0,213,,,,,NO_ONS_DATA
SY,608,2021,17681330,165919300.0,237,,,,,NO_ONS_DATA
SY,608,2022,7460810,92578900.0,138,,,,,NO_ONS_DATA
SY,608,2023,18464480,167444100.0,188,,,,,NO_ONS_DATA
SY,608,2024,19314830,152968500.0,200,,,,,NO_ONS_DATA
SZ,393,2018,97697290,2394977900.0,98,,,,,NO_ONS_DATA
SZ,393,2019,31355050,256819300.0,105,,,,,NO_ONS_DATA
SZ,393,2020,281772570,6867634800.0,81,,,,,NO_ONS_DATA
SZ,393,2021,245356260,3342348300.0,186,,,,,NO_ONS_DATA
SZ,393,2022,143376510,882159600.0,188,,,,,NO_ONS_DATA
SZ,393,2023,35251340,138065500.0,139,,,,,NO_ONS_DATA
SZ,393,2024,205291010,3346521000.0,81,,,,,NO_ONS_DATA
TC,454,2018,21868000,9962300.0,12,,,,,NO_ONS_DATA
TC,454,2019,3612750,5465700.0,17,,,,,NO_ONS_DATA
TC,454,2020,989960,3272400.0,19,,,,,NO_ONS_DATA
TC,454,2021,2847330,5711200.0,23,,,,,NO_ONS_DATA
TC,454,2022,3279620,4471400.0,36,,,,,NO_ONS_DATA
TC,454,2023,3045080,10989200.0,22,,,,,NO_ONS_DATA
TC,454,2024,1139230,377200.0,20,,,,,NO_ONS_DATA
TG,280,2018,34025730,26145800.0,42,,,,,NO_ONS_DATA
TG,280,2019,12998820,19162700.0,47,,,,,NO_ONS_DATA
TG,280,2020,17243310,8916400.0,27,,,,,NO_ONS_DATA
TG,280,2021,9569050,13451400.0,60,,,,,NO_ONS_DATA
TG,280,2022,331340760,4006158100.0,58,,,,,NO_ONS_DATA
TG,280,2023,294984790,5213828700.0,79,,,,,NO_ONS_DATA
TG,280,2024,61212680,894405600.0,80,,,,,NO_ONS_DATA
TH,680,2018,30146910480,66337262400.0,25280,,,,,NO_ONS_DATA
TH,680,2019,29993715740,66756167500.0,24770,,,,,NO_ONS_DATA
TH,680,2020,25648208160,56740462300.0,21913,,,,,NO_ONS_DATA
TH,680,2021,24527947450,51304765400.0,23327,,,,,NO_ONS_DATA
TH,680,2022,30057293100,53280918400.0,23800,,,,,NO_ONS_DATA
TH,680,2023,29300867780,56559664500.0,24297,,,,,NO_ONS_DATA
TH,680,2024,29745112110,58452400400.0,26163,,,,,NO_ONS_DATA
TM,80,2018,35812170,9240700.0,71,,,,,NO_ONS_DATA
TM,80,2019,19235960,7496200.0,71,,,,,NO_ONS_DATA
TM,80,2020,15371080,18142700.0,34,,,,,NO_ONS_DATA
TM,80,2021,6990220,34924300.0,54,,,,,NO_ONS_DATA
TM,80,2022,104908620,48115200.0,62,,,,,NO_ONS_DATA
TM,80,2023,133405480,31572700.0,41,,,,,NO_ONS_DATA
TM,80,2024,217073560,35291100.0,43,,,,,NO_ONS_DATA
TN,212,2018,1583604000,23748007800.0,2477,,,,,NO_ONS_DATA
TN,212,2019,1894684610,18113867200.0,2374,,,,,NO_ONS_DATA
TN,212,2020,1495458330,22862714800.0,2178,,,,,NO_ONS_DATA
TN,212,2021,1841672300,21286325100.0,2771,,,,,NO_ONS_DATA
TN,212,2022,2729931980,18375383500.0,3223,,,,,NO_ONS_DATA
TN,212,2023,2525507240,27241967000.0,3423,,,,,NO_ONS_DATA
TN,212,2024,2698294420,23352668600.0,3475,,,,,NO_ONS_DATA
TO,817,2018,2333440,305200.0,31,,,,,NO_ONS_DATA
TO,817,2019,2404110,625900.0,16,,,,,NO_ONS_DATA
TO,817,2020,1699210,115500.0,5,,,,,LOW_SAMPLE_SIZE
TO,817,2021,897990,166300.0,13,,,,,NO_ONS_DATA
TO,817,2022,3590520,6806700.0,13,,,,,NO_ONS_DATA
TO,817,2023,19024650,36095100.0,23,,,,,NO_ONS_DATA
TO,817,2024,11220350,21745200.0,17,,,,,NO_ONS_DATA
TR,52,2018,89440802360,372795333400.0,59294,,,,,NO_ONS_DATA
TR,52,2019,96644141250,445722132700.0,60198,,,,,NO_ONS_DATA
TR,52,2020,90810139360,413117589500.0,60651,,,,,NO_ONS_DATA
TR,52,2021,112199598790,463076720900.0,78306,,,,,NO_ONS_DATA
TR,52,2022,124495602060,488747081500.0,84050,,,,,NO_ONS_DATA
TR,52,2023,118890082940,422833483200.0,82362,,,,,NO_ONS_DATA
TR,52,2024,137091415710,518137387900.0,82752,,,,,NO_ONS_DATA
TT,472,2018,1591234980,69171984400.0,361,,,,,NO_ONS_DATA
TT,472,2019,1030946480,53592625500.0,325,,,,,NO_ONS_DATA
TT,472,2020,2596322450,128923212200.0,289,,,,,NO_ONS_DATA
TT,472,2021,1050834580,39050248700.0,280,,,,,NO_ONS_DATA
TT,472,2022,3654728830,51381810200.0,337,,,,,NO_ONS_DATA
TT,472,2023,3331824740,71599748200.0,374,,,,,NO_ONS_DATA
TT,472,2024,3095398200,81016731800.0,348,,,,,NO_ONS_DATA
TW,736,2018,34563981590,59335016300.0,52787,,,,,NO_ONS_DATA
TW,736,2019,35460001770,49107168800.0,51658,,,,,NO_ONS_DATA
TW,736,2020,31609043920,37699641700.0,47193,,,,,NO_ONS_DATA
TW,736,2021,31767199400,49633197900.0,51740,,,,,NO_ONS_DATA
TW,736,2022,37161257560,43729299400.0,47637,,,,,NO_ONS_DATA
TW,736,2023,31337269880,35814120000.0,44382,,,,,NO_ONS_DATA
TW,736,2024,26952597120,33423696200.0,43914,,,,,NO_ONS_DATA
TZ,352,2018,155002190,517421900.0,357,,,,,NO_ONS_DATA
TZ,352,2019,171603480,693424700.0,294,,,,,NO_ONS_DATA
TZ,352,2020,210955140,813341400.0,272,,,,,NO_ONS_DATA
TZ,352,2021,151313900,734382400.0,330,,,,,NO_ONS_DATA
TZ,352,2022,368276930,6824304700.0,302,,,,,NO_ONS_DATA
TZ,352,2023,171072370,677594400.0,299,,,,,NO_ONS_DATA
TZ,352,2024,135359650,680559500.0,294,,,,,NO_ONS_DATA
UA,72,2018,5242474780,129493451400.0,2870,,,,,NO_ONS_DATA
UA,72,2019,6026859870,194327152000.0,3374,,,,,NO_ONS_DATA
UA,72,2020,5469643820,167945000400.0,3656,,,,,NO_ONS_DATA
UA,72,2021,8228372920,162762259000.0,5063,,,,,NO_ONS_DATA
UA,72,2022,3683280060,57707611500.0,3281,,,,,NO_ONS_DATA
UA,72,2023,3170941230,36119355700.0,3847,,,,,NO_ONS_DATA
UA,72,2024,4575102310,75298252000.0,4279,,,,,NO_ONS_DATA
UG,350,2018,122058090,674313600.0,526,,,,,NO_ONS_DATA
UG,350,2019,127275990,656455200.0,580,,,,,NO_ONS_DATA
UG,350,2020,92844410,504345300.0,480,,,,,NO_ONS_DATA
UG,350,2021,129387940,613662400.0,514,,,,,NO_ONS_DATA
UG,350,2022,145510500,720342100.0,586,,,,,NO_ONS_DATA
UG,350,2023,136380290,778537700.0,528,,,,,NO_ONS_DATA
UG,350,2024,150591700,781186100.0,686,,,,,NO_ONS_DATA
UM,832,2018,2549640,164600.0,58,,,,,NO_ONS_DATA
UM,832,2019,5839530,191000.0,80,,,,,NO_ONS_DATA
UM,832,2020,202990,4200.0,4,,,,,LOW_SAMPLE_SIZE
UM,832,2021,782520,32300.0,11,,,,,NO_ONS_DATA
UM,832,2022,32250,100.0,1,,,,,LOW_SAMPLE_SIZE
UM,832,2023,381955500,7351446400.0,1,,,,,LOW_SAMPLE_SIZE
UM,832,2024,715840,2908100.0,3,,,,,LOW_SAMPLE_SIZE
US,400,2018,444664591740,2307648911500.0,300528,,,,,NO_ONS_DATA
US,400,2019,510659696100,2554136605300.0,306437,,,,,NO_ONS_DATA
US,400,2020,452037077550,2675709078800.0,268518,,,,,NO_ONS_DATA
US,400,2021,438256954370,2550351986700.0,276662,,,,,NO_ONS_DATA
US,400,2022,654806175120,3773080537500.0,295192,,,,,NO_ONS_DATA
US,400,2023,633090625350,3888095221400.0,297499,,,,,NO_ONS_DATA
US,400,2024,625958862620,3936932145300.0,298256,,,,,NO_ONS_DATA
UY,524,2018,596495190,5763104800.0,679,,,,,NO_ONS_DATA
UY,524,2019,507436610,5277786100.0,653,,,,,NO_ONS_DATA
UY,524,2020,478335030,8505161000.0,460,,,,,NO_ONS_DATA
UY,524,2021,985963000,19153085100.0,658,,,,,NO_ONS_DATA
UY,524,2022,2568308200,45630243200.0,553,,,,,NO_ONS_DATA
UY,524,2023,1585779740,35035616600.0,608,,,,,NO_ONS_DATA
UY,524,2024,1016524590,24154259200.0,475,,,,,NO_ONS_DATA
UZ,81,2018,16391900,20002600.0,100,,,,,NO_ONS_DATA
UZ,81,2019,18729550870,36506100.0,88,,,,,NO_ONS_DATA
UZ,81,2020,47168446990,40392900.0,67,,,,,NO_ONS_DATA
UZ,81,2021,15195510790,456278700.0,120,,,,,NO_ONS_DATA
UZ,81,2022,5974374340,563498600.0,161,,,,,NO_ONS_DATA
UZ,81,2023,21002856460,389994200.0,222,,,,,NO_ONS_DATA
UZ,81,2024,25765931700,340622200.0,313,,,,,NO_ONS_DATA
VA,45,2018,2689260,4440600.0,51,,,,,NO_ONS_DATA
VA,45,2019,2200510,5358300.0,23,,,,,NO_ONS_DATA
VA,45,2020,10476500,16068100.0,13,,,,,NO_ONS_DATA
VA,45,2021,8552660,1771500.0,10,,,,,NO_ONS_DATA
VA,45,2022,1289930,5539200.0,8,,,,,LOW_SAMPLE_SIZE
VA,45,2023,3531430,4956600.0,10,,,,,NO_ONS_DATA
VA,45,2024,4204860,8324500.0,19,,,,,NO_ONS_DATA
VE,484,2018,388497280,11387656700.0,112,,,,,NO_ONS_DATA
VE,484,2019,459717770,23699536900.0,138,,,,,NO_ONS_DATA
VE,484,2020,341789660,41734050300.0,162,,,,,NO_ONS_DATA
VE,484,2021,302153530,31990975300.0,285,,,,,NO_ONS_DATA
VE,484,2022,83549370,3851198500.0,121,,,,,NO_ONS_DATA
VE,484,2023,343052690,17175750300.0,58,,,,,NO_ONS_DATA
VE,484,2024,224924570,13897545200.0,61,,,,,NO_ONS_DATA
VG,468,2018,108659310,380000100.0,228,,,,,NO_ONS_DATA
VG,468,2019,110681880,177732800.0,127,,,,,NO_ONS_DATA
VG,468,2020,191166950,80384500.0,100,,,,,NO_ONS_DATA
VG,468,2021,50556690,43097200.0,83,,,,,NO_ONS_DATA
VG,468,2022,38286990,46987600.0,77,,,,,NO_ONS_DATA
VG,468,2023,12063100,14451700.0,33,,,,,NO_ONS_DATA
VG,468,2024,22556540,2017900.0,38,,,,,NO_ONS_DATA
VI,457,2018,8461700,17790300.0,34,,,,,NO_ONS_DATA
VI,457,2019,13644150,26828500.0,28,,,,,NO_ONS_DATA
VI,457,2020,4168990,2283000.0,33,,,,,NO_ONS_DATA
VI,457,2021,1979730,9650700.0,16,,,,,NO_ONS_DATA
VI,457,2022,10817060,10921200.0,40,,,,,NO_ONS_DATA
VI,457,2023,6148670,18259200.0,48,,,,,NO_ONS_DATA
VI,457,2024,242381160,4307738500.0,21,,,,,NO_ONS_DATA
VN,690,2018,43586356630,60850524400.0,22314,,,,,NO_ONS_DATA
VN,690,2019,45900998510,72024961900.0,23442,,,,,NO_ONS_DATA
VN,690,2020,38520418000,56287262000.0,22781,,,,,NO_ONS_DATA
VN,690,2021,43977196730,85722425400.0,25628,,,,,NO_ONS_DATA
VN,690,2022,54840218500,81284177700.0,28511,,,,,NO_ONS_DATA
VN,690,2023,51022437380,74957667600.0,30263,,,,,NO_ONS_DATA
VN,690,2024,61367146300,87241722300.0,29757,,,,,NO_ONS_DATA
WS,819,2018,4336470,15424200.0,15,,,,,NO_ONS_DATA
WS,819,2019,72952840,83018900.0,50,,,,,NO_ONS_DATA
WS,819,2020,36242860,39719900.0,23,,,,,NO_ONS_DATA
WS,819,2021,57771450,51168700.0,32,,,,,NO_ONS_DATA
WS,819,2022,33363430,25784800.0,23,,,,,NO_ONS_DATA
WS,819,2023,11686060,32398300.0,24,,,,,NO_ONS_DATA
WS,819,2024,6632630,9152300.0,12,,,,,NO_ONS_DATA
XK,95,2018,9138510,103382100.0,69,,,,,NO_ONS_DATA
XK,95,2019,13519060,141194100.0,72,,,,,NO_ONS_DATA
XK,95,2020,38997840,230984300.0,100,,,,,NO_ONS_DATA
XK,95,2021,25822730,187768200.0,142,,,,,NO_ONS_DATA
XK,95,2022,39382060,191849900.0,260,,,,,NO_ONS_DATA
XK,95,2023,27247390,158031200.0,270,,,,,NO_ONS_DATA
XK,95,2024,29889370,216894100.0,260,,,,,NO_ONS_DATA
YE,653,2018,7864170,5428600.0,26,,,,,NO_ONS_DATA
YE,653,2019,4456230,13024600.0,25,,,,,NO_ONS_DATA
YE,653,2020,5200980,7511600.0,21,,,,,NO_ONS_DATA
YE,653,2021,7773830,21565000.0,53,,,,,NO_ONS_DATA
YE,653,2022,3923320,7124100.0,26,,,,,NO_ONS_DATA
YE,653,2023,15972190,21123400.0,67,,,,,NO_ONS_DATA
YE,653,2024,4827370,20123200.0,51,,,,,NO_ONS_DATA
ZA,388,2018,60408096740,138471962600.0,14010,,,,,NO_ONS_DATA
ZA,388,2019,64997620690,160901586900.0,13516,,,,,NO_ONS_DATA
ZA,388,2020,58688829940,144215576400.0,11557,,,,,NO_ONS_DATA
ZA,388,2021,76711925500,167796323900.0,13188,,,,,NO_ONS_DATA
ZA,388,2022,55499044480,206755603400.0,13273,,,,,NO_ONS_DATA
ZA,388,2023,58360678980,195597335300.0,12316,,,,,NO_ONS_DATA
ZA,388,2024,84879972480,120441563100.0,12811,,,,,NO_ONS_DATA
ZM,378,2018,57377270,129338900.0,160,,,,,NO_ONS_DATA
ZM,378,2019,42609090,122838300.0,166,,,,,NO_ONS_DATA
ZM,378,2020,129885080,63462400.0,121,,,,,NO_ONS_DATA
ZM,378,2021,79034500,60549500.0,124,,,,,NO_ONS_DATA
ZM,378,2022,23665320,82489000.0,88,,,,,NO_ONS_DATA
ZM,378,2023,12932900,16680300.0,67,,,,,NO_ONS_DATA
ZM,378,2024,9012240,19305000.0,95,,,,,NO_ONS_DATA
ZW,382,2018,737006130,569569500.0,322,,,,,NO_ONS_DATA
ZW,382,2019,641792020,571983800.0,301,,,,,NO_ONS_DATA
ZW,382,2020,73681860,460970500.0,276,,,,,NO_ONS_DATA
ZW,382,2021,69168110,385066000.0,311,,,,,NO_ONS_DATA
ZW,382,2022,71928190,472452300.0,244,,,,,NO_ONS_DATA
ZW,382,2023,48702480,205715300.0,280,,,,,NO_ONS_DATA
ZW,382,2024,57196350,227723700.0,272,,,,,NO_ONS_DATA
